"RelativePath","Length","LastWriteTime"
".gitignore","4547","7/23/2026 3:02:41 PM"
"AI_AGENT_POLICY.md","2532","7/27/2026 1:08:30 PM"
"README.md","182","7/23/2026 3:02:41 PM"
"archive\.gitkeep","0","7/23/2026 3:02:41 PM"
"archive\mongodb\.gitkeep","0","7/23/2026 3:02:41 PM"
"archive\mssql\.gitkeep","0","7/23/2026 3:02:41 PM"
"archive\mysql\.gitkeep","0","7/23/2026 3:02:41 PM"
"archive\mysql\employees.csv","5392","7/27/2026 11:06:06 AM"
"archive\mysql\orders.csv","3606","7/27/2026 11:06:06 AM"
"archive\mysql\products.csv","3335","7/27/2026 11:06:06 AM"
"archive\postgresql\.gitkeep","0","7/23/2026 3:02:41 PM"
"archive\postgresql\employees.csv","5392","7/27/2026 1:44:38 PM"
"archive\postgresql\orders.csv","3606","7/27/2026 1:44:38 PM"
"archive\postgresql\products.csv","3335","7/27/2026 1:44:38 PM"
"config\cdc.conf","102","7/23/2026 3:02:41 PM"
"config\python.conf","49","7/23/2026 3:02:41 PM"
"config\cleanup\cleanup.conf","391","7/26/2026 12:18:10 PM"
"config\cleanup\ubuntu\mongodb.conf","655","7/26/2026 12:18:10 PM"
"config\cleanup\ubuntu\mssql.conf","740","7/26/2026 12:18:10 PM"
"config\cleanup\ubuntu\mysql.conf","665","7/26/2026 12:18:10 PM"
"config\cleanup\ubuntu\os.conf","107","7/26/2026 12:18:10 PM"
"config\cleanup\ubuntu\postgresql.conf","751","7/26/2026 12:18:10 PM"
"config\cleanup\windows\mongodb.conf","773","7/26/2026 12:18:10 PM"
"config\cleanup\windows\mssql.conf","635","7/27/2026 1:23:43 PM"
"config\cleanup\windows\mysql.conf","745","7/26/2026 12:18:10 PM"
"config\cleanup\windows\os.conf","127","7/26/2026 12:18:10 PM"
"config\cleanup\windows\postgresql.conf","728","7/27/2026 1:23:16 PM"
"config\common\database_objects.json","435","7/23/2026 3:02:41 PM"
"config\common\dataset.conf","560","7/23/2026 3:02:41 PM"
"config\common\objects.conf","382","7/23/2026 3:02:41 PM"
"config\discovery\migration_requirements.json","1198","7/23/2026 3:02:41 PM"
"config\profiling\column_classifications.json","3703","7/23/2026 3:02:41 PM"
"config\ubuntu\mongodb.conf","132","7/23/2026 3:02:41 PM"
"config\ubuntu\mssql.conf","267","7/28/2026 1:43:26 PM"
"config\ubuntu\mysql.conf","186","7/28/2026 12:58:51 PM"
"config\ubuntu\postgresql.conf","219","7/23/2026 3:02:41 PM"
"config\windows\mongodb.conf","132","7/23/2026 3:02:41 PM"
"config\windows\mssql.conf","693","7/23/2026 3:02:41 PM"
"config\windows\mssql_media.conf","696","7/23/2026 3:02:41 PM"
"config\windows\mysql.conf","183","7/23/2026 3:02:41 PM"
"config\windows\postgresql.conf","235","7/23/2026 3:02:41 PM"
"databases\mssql\templates\ConfigurationFile.template.ini","2922","7/23/2026 3:02:41 PM"
"databases\mysql\my.ini","223","7/27/2026 6:20:28 PM"
"databases\mysql\mysql.zip","340476547","7/27/2026 5:31:57 PM"
"databases\mysql\server\LICENSE","261541","4/7/2026 4:08:28 PM"
"databases\mysql\server\README","666","4/7/2026 4:08:28 PM"
"databases\mysql\server\bin\abseil_dll-debug.dll","2932368","4/7/2026 9:06:20 PM"
"databases\mysql\server\bin\abseil_dll-debug.pdb","11161600","4/7/2026 7:57:36 PM"
"databases\mysql\server\bin\abseil_dll.dll","1137288","4/7/2026 9:06:20 PM"
"databases\mysql\server\bin\abseil_dll.lib","1474920","4/7/2026 8:39:08 PM"
"databases\mysql\server\bin\ccapiserver.exe","167048","4/7/2026 9:06:24 PM"
"databases\mysql\server\bin\comerr64.dll","31360","4/7/2026 9:06:24 PM"
"databases\mysql\server\bin\echo.exe","25208","4/7/2026 9:06:24 PM"
"databases\mysql\server\bin\fido2.dll","269944","4/7/2026 9:06:24 PM"
"databases\mysql\server\bin\fido2.lib","63564","4/7/2026 8:37:14 PM"
"databases\mysql\server\bin\gssapi64.dll","412800","4/7/2026 9:06:26 PM"
"databases\mysql\server\bin\ibd2sdi.exe","6608000","4/7/2026 9:06:26 PM"
"databases\mysql\server\bin\innochecksum.exe","6593672","4/7/2026 9:06:26 PM"
"databases\mysql\server\bin\jemalloc.dll","505984","4/7/2026 9:06:26 PM"
"databases\mysql\server\bin\jemalloc.pdb","2412544","4/29/2025 12:41:38 PM"
"databases\mysql\server\bin\k5sprt64.dll","162432","4/7/2026 9:06:26 PM"
"databases\mysql\server\bin\krb5_64.dll","1237632","4/7/2026 9:06:26 PM"
"databases\mysql\server\bin\krbcc64.dll","122496","4/7/2026 9:06:28 PM"
"databases\mysql\server\bin\libcrypto-3-x64.dll","7144080","4/7/2026 9:06:28 PM"
"databases\mysql\server\bin\libcrypto-3-x64.pdb","20099072","2/3/2026 1:31:24 PM"
"databases\mysql\server\bin\libmecab.dll","1849984","4/7/2026 9:06:28 PM"
"databases\mysql\server\bin\libprotobuf-debug.dll","12884112","4/7/2026 9:06:28 PM"
"databases\mysql\server\bin\libprotobuf-lite-debug.dll","2538656","4/7/2026 9:06:30 PM"
"databases\mysql\server\bin\libprotobuf-lite.dll","841360","4/7/2026 9:06:30 PM"
"databases\mysql\server\bin\libprotobuf-lite.lib","1442814","4/7/2026 8:40:40 PM"
"databases\mysql\server\bin\libprotobuf.dll","4415112","4/7/2026 9:06:30 PM"
"databases\mysql\server\bin\libprotobuf.lib","10036104","4/7/2026 8:41:52 PM"
"databases\mysql\server\bin\libsasl.dll","120960","4/7/2026 9:06:30 PM"
"databases\mysql\server\bin\libssl-3-x64.dll","1314952","4/7/2026 9:06:30 PM"
"databases\mysql\server\bin\libssl-3-x64.pdb","4952064","2/3/2026 1:31:26 PM"
"databases\mysql\server\bin\myisamchk.exe","6852224","4/7/2026 9:06:30 PM"
"databases\mysql\server\bin\myisamlog.exe","6689920","4/7/2026 9:06:30 PM"
"databases\mysql\server\bin\myisampack.exe","6755976","4/7/2026 9:06:32 PM"
"databases\mysql\server\bin\myisam_ftdump.exe","6733448","4/7/2026 9:06:32 PM"
"databases\mysql\server\bin\mysql.exe","7342712","4/7/2026 9:06:32 PM"
"databases\mysql\server\bin\mysqladmin.exe","7217288","4/7/2026 9:06:34 PM"
"databases\mysql\server\bin\mysqlbinlog.exe","7811208","4/7/2026 9:06:34 PM"
"databases\mysql\server\bin\mysqlcheck.exe","7222408","4/7/2026 9:06:34 PM"
"databases\mysql\server\bin\mysqld.exe","53346432","4/7/2026 9:06:36 PM"
"databases\mysql\server\bin\mysqld.pdb","657412096","4/8/2026 3:33:04 AM"
"databases\mysql\server\bin\mysqldump.exe","7323264","4/7/2026 9:06:42 PM"
"databases\mysql\server\bin\mysqldumpslow.pl","7932","4/7/2026 7:53:16 PM"
"databases\mysql\server\bin\mysqld_multi.pl","28743","4/7/2026 7:53:16 PM"
"databases\mysql\server\bin\mysqlimport.exe","7207560","4/7/2026 9:06:42 PM"
"databases\mysql\server\bin\mysqlshow.exe","7206528","4/7/2026 9:06:42 PM"
"databases\mysql\server\bin\mysqlslap.exe","7225472","4/7/2026 9:06:44 PM"
"databases\mysql\server\bin\mysql_configurator.exe","5631128","4/7/2026 9:06:44 PM"
"databases\mysql\server\bin\mysql_config_editor.exe","6482584","4/7/2026 9:06:44 PM"
"databases\mysql\server\bin\mysql_migrate_keyring.exe","8317592","4/7/2026 9:06:46 PM"
"databases\mysql\server\bin\mysql_secure_installation.exe","7202464","4/7/2026 9:06:46 PM"
"databases\mysql\server\bin\mysql_tzinfo_to_sql.exe","6410904","4/7/2026 9:06:46 PM"
"databases\mysql\server\bin\my_print_defaults.exe","6467728","4/7/2026 9:06:48 PM"
"databases\mysql\server\bin\perror.exe","7481984","4/7/2026 9:06:48 PM"
"databases\mysql\server\bin\xpprof64.dll","64640","4/7/2026 9:06:50 PM"
"databases\mysql\server\bin\sasl2\saslGSSAPI.dll","46728","4/7/2026 9:06:48 PM"
"databases\mysql\server\bin\sasl2\saslSCRAM.dll","57472","4/7/2026 9:06:48 PM"
"databases\mysql\server\docs\INFO_BIN","13935","4/7/2026 8:32:40 PM"
"databases\mysql\server\docs\INFO_SRC","214","4/7/2026 7:53:20 PM"
"databases\mysql\server\include\errmsg.h","5818","4/7/2026 4:08:28 PM"
"databases\mysql\server\include\field_types.h","3202","4/7/2026 4:08:28 PM"
"databases\mysql\server\include\mysql.h","34136","4/7/2026 4:08:28 PM"
"databases\mysql\server\include\mysqld_error.h","306881","4/7/2026 7:55:52 PM"
"databases\mysql\server\include\mysqlx_ername.h","7774","4/7/2026 7:53:16 PM"
"databases\mysql\server\include\mysqlx_error.h","4261","4/7/2026 7:53:16 PM"
"databases\mysql\server\include\mysqlx_version.h","1890","4/7/2026 7:53:16 PM"
"databases\mysql\server\include\mysql_com.h","42081","4/7/2026 4:08:28 PM"
"databases\mysql\server\include\mysql_time.h","3603","4/7/2026 4:08:28 PM"
"databases\mysql\server\include\mysql_version.h","1163","4/7/2026 8:32:12 PM"
"databases\mysql\server\include\my_command.h","4432","4/7/2026 4:08:28 PM"
"databases\mysql\server\include\my_compress.h","3697","4/7/2026 4:08:28 PM"
"databases\mysql\server\include\my_list.h","2120","4/7/2026 4:08:28 PM"
"databases\mysql\server\include\mysql\client_plugin.h","8508","4/7/2026 4:08:28 PM"
"databases\mysql\server\include\mysql\plugin_auth_common.h","7573","4/7/2026 4:08:28 PM"
"databases\mysql\server\include\mysql\udf_registration_types.h","3875","4/7/2026 4:08:28 PM"
"databases\mysql\server\include\openssl\applink.c","3929","2/3/2026 1:31:26 PM"
"databases\mysql\server\lib\libmysql.dll","7192704","4/7/2026 9:06:28 PM"
"databases\mysql\server\lib\libmysql.lib","32180","4/7/2026 8:42:32 PM"
"databases\mysql\server\lib\mysqlclient.lib","82185654","4/7/2026 8:42:32 PM"
"databases\mysql\server\lib\mysqlservices.lib","80218","4/7/2026 8:35:08 PM"
"databases\mysql\server\lib\mecab\dic\ipadic_euc-jp\char.bin","262496","3/24/2024 1:41:18 AM"
"databases\mysql\server\lib\mecab\dic\ipadic_euc-jp\dicrc","693","7/31/2007 2:54:54 PM"
"databases\mysql\server\lib\mecab\dic\ipadic_euc-jp\left-id.def","55910","7/31/2007 2:49:48 PM"
"databases\mysql\server\lib\mecab\dic\ipadic_euc-jp\matrix.bin","3463716","3/24/2024 1:41:20 AM"
"databases\mysql\server\lib\mecab\dic\ipadic_euc-jp\pos-id.def","1477","1/28/2007 3:09:10 PM"
"databases\mysql\server\lib\mecab\dic\ipadic_euc-jp\rewrite.def","6241","7/31/2007 2:54:54 PM"
"databases\mysql\server\lib\mecab\dic\ipadic_euc-jp\right-id.def","55910","7/31/2007 2:49:48 PM"
"databases\mysql\server\lib\mecab\dic\ipadic_euc-jp\sys.dic","37779919","3/24/2024 1:41:20 AM"
"databases\mysql\server\lib\mecab\dic\ipadic_euc-jp\unk.dic","5409","3/24/2024 1:41:18 AM"
"databases\mysql\server\lib\mecab\dic\ipadic_sjis\char.bin","262496","3/24/2024 1:41:20 AM"
"databases\mysql\server\lib\mecab\dic\ipadic_sjis\dicrc","693","7/31/2007 2:54:54 PM"
"databases\mysql\server\lib\mecab\dic\ipadic_sjis\left-id.def","55910","7/31/2007 2:49:48 PM"
"databases\mysql\server\lib\mecab\dic\ipadic_sjis\matrix.bin","3463716","3/24/2024 1:41:24 AM"
"databases\mysql\server\lib\mecab\dic\ipadic_sjis\pos-id.def","1477","1/28/2007 3:09:10 PM"
"databases\mysql\server\lib\mecab\dic\ipadic_sjis\rewrite.def","6241","7/31/2007 2:54:54 PM"
"databases\mysql\server\lib\mecab\dic\ipadic_sjis\right-id.def","55910","7/31/2007 2:49:48 PM"
"databases\mysql\server\lib\mecab\dic\ipadic_sjis\sys.dic","37635899","3/24/2024 1:41:22 AM"
"databases\mysql\server\lib\mecab\dic\ipadic_sjis\unk.dic","5409","3/24/2024 1:41:20 AM"
"databases\mysql\server\lib\mecab\dic\ipadic_utf-8\char.bin","262496","3/24/2024 1:41:24 AM"
"databases\mysql\server\lib\mecab\dic\ipadic_utf-8\dicrc","693","7/31/2007 2:54:54 PM"
"databases\mysql\server\lib\mecab\dic\ipadic_utf-8\left-id.def","55910","7/31/2007 2:49:48 PM"
"databases\mysql\server\lib\mecab\dic\ipadic_utf-8\matrix.bin","3463716","3/24/2024 1:41:26 AM"
"databases\mysql\server\lib\mecab\dic\ipadic_utf-8\pos-id.def","1477","1/28/2007 3:09:10 PM"
"databases\mysql\server\lib\mecab\dic\ipadic_utf-8\rewrite.def","6241","7/31/2007 2:54:54 PM"
"databases\mysql\server\lib\mecab\dic\ipadic_utf-8\right-id.def","55910","7/31/2007 2:49:48 PM"
"databases\mysql\server\lib\mecab\dic\ipadic_utf-8\sys.dic","49199027","3/24/2024 1:41:26 AM"
"databases\mysql\server\lib\mecab\dic\ipadic_utf-8\unk.dic","5690","3/24/2024 1:41:24 AM"
"databases\mysql\server\lib\mecab\etc\mecabrc","1432","4/7/2026 4:08:28 PM"
"databases\mysql\server\lib\plugin\adt_null.dll","38528","4/7/2026 9:07:20 PM"
"databases\mysql\server\lib\plugin\authentication_kerberos_client.dll","6442160","4/7/2026 9:06:20 PM"
"databases\mysql\server\lib\plugin\authentication_ldap_sasl_client.dll","6434992","4/7/2026 9:06:22 PM"
"databases\mysql\server\lib\plugin\authentication_oci_client.dll","6494880","4/7/2026 9:06:22 PM"
"databases\mysql\server\lib\plugin\authentication_openid_connect_client.dll","6420152","4/7/2026 9:06:22 PM"
"databases\mysql\server\lib\plugin\authentication_webauthn_client.dll","6437040","4/7/2026 9:06:22 PM"
"databases\mysql\server\lib\plugin\component_audit_api_message_emit.dll","36528","4/7/2026 9:07:20 PM"
"databases\mysql\server\lib\plugin\component_classic_hashing.dll","29344","4/7/2026 9:07:20 PM"
"databases\mysql\server\lib\plugin\component_connection_control.dll","250024","4/7/2026 9:07:20 PM"
"databases\mysql\server\lib\plugin\component_group_replication_elect_prefers_most_updated.dll","35040","4/7/2026 9:07:20 PM"
"databases\mysql\server\lib\plugin\component_group_replication_flow_control_stats.dll","25296","4/7/2026 9:07:20 PM"
"databases\mysql\server\lib\plugin\component_group_replication_resource_manager.dll","107208","4/7/2026 9:07:20 PM"
"databases\mysql\server\lib\plugin\component_keyring_file.dll","548000","4/7/2026 9:07:20 PM"
"databases\mysql\server\lib\plugin\component_log_filter_dragnet.dll","44712","4/7/2026 9:07:20 PM"
"databases\mysql\server\lib\plugin\component_log_sink_json.dll","47776","4/7/2026 9:07:20 PM"
"databases\mysql\server\lib\plugin\component_log_sink_syseventlog.dll","33456","4/7/2026 9:07:20 PM"
"databases\mysql\server\lib\plugin\component_mysqlbackup.dll","56984","4/7/2026 9:07:20 PM"
"databases\mysql\server\lib\plugin\component_query_attributes.dll","26280","4/7/2026 9:07:20 PM"
"databases\mysql\server\lib\plugin\component_reference_cache.dll","70816","4/7/2026 9:07:20 PM"
"databases\mysql\server\lib\plugin\component_replication_applier_metrics.dll","38072","4/7/2026 9:07:20 PM"
"databases\mysql\server\lib\plugin\component_telemetry.dll","1969304","4/7/2026 9:07:20 PM"
"databases\mysql\server\lib\plugin\component_validate_password.dll","263848","4/7/2026 9:07:20 PM"
"databases\mysql\server\lib\plugin\connection_control.dll","240280","4/7/2026 9:07:20 PM"
"databases\mysql\server\lib\plugin\ddl_rewriter.dll","243336","4/7/2026 9:07:20 PM"
"databases\mysql\server\lib\plugin\group_replication.dll","2405008","4/7/2026 9:07:20 PM"
"databases\mysql\server\lib\plugin\ha_example.dll","45704","4/7/2026 9:07:22 PM"
"databases\mysql\server\lib\plugin\ha_mock.dll","59520","4/7/2026 9:07:22 PM"
"databases\mysql\server\lib\plugin\keyring_udf.dll","46216","4/7/2026 9:07:22 PM"
"databases\mysql\server\lib\plugin\libpluginmecab.dll","43664","4/7/2026 9:07:22 PM"
"databases\mysql\server\lib\plugin\locking_service.dll","28304","4/7/2026 9:07:22 PM"
"databases\mysql\server\lib\plugin\mypluglib.dll","28288","4/7/2026 9:07:22 PM"
"databases\mysql\server\lib\plugin\mysql_clone.dll","343176","4/7/2026 9:07:22 PM"
"databases\mysql\server\lib\plugin\mysql_native_password.dll","32408","4/7/2026 9:06:46 PM"
"databases\mysql\server\lib\plugin\mysql_no_login.dll","27280","4/7/2026 9:07:22 PM"
"databases\mysql\server\lib\plugin\rewriter.dll","71296","4/7/2026 9:07:22 PM"
"databases\mysql\server\lib\plugin\rewrite_example.dll","27792","4/7/2026 9:07:22 PM"
"databases\mysql\server\lib\plugin\semisync_replica.dll","46736","4/7/2026 9:07:22 PM"
"databases\mysql\server\lib\plugin\semisync_source.dll","91792","4/7/2026 9:07:22 PM"
"databases\mysql\server\lib\plugin\telemetry_client.dll","7527056","4/7/2026 9:06:48 PM"
"databases\mysql\server\lib\plugin\validate_password.dll","63120","4/7/2026 9:07:22 PM"
"databases\mysql\server\lib\plugin\debug\adt_null.dll","51840","4/7/2026 9:06:20 PM"
"databases\mysql\server\lib\plugin\debug\adt_null.pdb","1077248","4/7/2026 8:22:48 PM"
"databases\mysql\server\lib\plugin\debug\component_audit_api_message_emit.dll","58544","4/7/2026 9:06:24 PM"
"databases\mysql\server\lib\plugin\debug\component_audit_api_message_emit.pdb","888832","4/7/2026 7:57:30 PM"
"databases\mysql\server\lib\plugin\debug\component_classic_hashing.dll","33440","4/7/2026 9:06:24 PM"
"databases\mysql\server\lib\plugin\debug\component_classic_hashing.pdb","471040","4/7/2026 7:57:36 PM"
"databases\mysql\server\lib\plugin\debug\component_connection_control.dll","622248","4/7/2026 9:06:24 PM"
"databases\mysql\server\lib\plugin\debug\component_connection_control.pdb","3207168","4/7/2026 7:57:20 PM"
"databases\mysql\server\lib\plugin\debug\component_group_replication_elect_prefers_most_updated.dll","51936","4/7/2026 9:06:24 PM"
"databases\mysql\server\lib\plugin\debug\component_group_replication_elect_prefers_most_updated.pdb","782336","4/7/2026 8:00:14 PM"
"databases\mysql\server\lib\plugin\debug\component_group_replication_flow_control_stats.dll","29904","4/7/2026 9:06:24 PM"
"databases\mysql\server\lib\plugin\debug\component_group_replication_flow_control_stats.pdb","503808","4/7/2026 7:56:42 PM"
"databases\mysql\server\lib\plugin\debug\component_group_replication_resource_manager.dll","557768","4/7/2026 9:06:24 PM"
"databases\mysql\server\lib\plugin\debug\component_group_replication_resource_manager.pdb","2912256","4/7/2026 8:01:46 PM"
"databases\mysql\server\lib\plugin\debug\component_keyring_file.dll","1304736","4/7/2026 9:06:24 PM"
"databases\mysql\server\lib\plugin\debug\component_keyring_file.pdb","5255168","4/7/2026 7:59:54 PM"
"databases\mysql\server\lib\plugin\debug\component_log_filter_dragnet.dll","61608","4/7/2026 9:06:24 PM"
"databases\mysql\server\lib\plugin\debug\component_log_filter_dragnet.pdb","1150976","4/7/2026 7:57:30 PM"
"databases\mysql\server\lib\plugin\debug\component_log_sink_json.dll","124576","4/7/2026 9:06:24 PM"
"databases\mysql\server\lib\plugin\debug\component_log_sink_json.pdb","978944","4/7/2026 7:56:34 PM"
"databases\mysql\server\lib\plugin\debug\component_log_sink_syseventlog.dll","40624","4/7/2026 9:06:24 PM"
"databases\mysql\server\lib\plugin\debug\component_log_sink_syseventlog.pdb","888832","4/7/2026 7:57:00 PM"
"databases\mysql\server\lib\plugin\debug\component_mysqlbackup.dll","87192","4/7/2026 9:06:24 PM"
"databases\mysql\server\lib\plugin\debug\component_mysqlbackup.pdb","913408","4/7/2026 7:57:20 PM"
"databases\mysql\server\lib\plugin\debug\component_query_attributes.dll","31400","4/7/2026 9:06:24 PM"
"databases\mysql\server\lib\plugin\debug\component_query_attributes.pdb","512000","4/7/2026 8:03:02 PM"
"databases\mysql\server\lib\plugin\debug\component_reference_cache.dll","175776","4/7/2026 9:06:24 PM"
"databases\mysql\server\lib\plugin\debug\component_reference_cache.pdb","2224128","4/7/2026 7:57:22 PM"
"databases\mysql\server\lib\plugin\debug\component_replication_applier_metrics.dll","49848","4/7/2026 9:06:24 PM"
"databases\mysql\server\lib\plugin\debug\component_replication_applier_metrics.pdb","667648","4/7/2026 8:03:00 PM"
"databases\mysql\server\lib\plugin\debug\component_telemetry.dll","4617368","4/7/2026 9:06:24 PM"
"databases\mysql\server\lib\plugin\debug\component_telemetry.pdb","33452032","4/7/2026 8:06:14 PM"
"databases\mysql\server\lib\plugin\debug\component_validate_password.dll","606376","4/7/2026 9:06:24 PM"
"databases\mysql\server\lib\plugin\debug\component_validate_password.pdb","3018752","4/7/2026 7:57:28 PM"
"databases\mysql\server\lib\plugin\debug\connection_control.dll","605336","4/7/2026 9:06:24 PM"
"databases\mysql\server\lib\plugin\debug\connection_control.pdb","5844992","4/7/2026 8:23:02 PM"
"databases\mysql\server\lib\plugin\debug\ddl_rewriter.dll","544392","4/7/2026 9:06:24 PM"
"databases\mysql\server\lib\plugin\debug\ddl_rewriter.pdb","2797568","4/7/2026 8:22:54 PM"
"databases\mysql\server\lib\plugin\debug\group_replication.dll","7608464","4/7/2026 9:06:24 PM"
"databases\mysql\server\lib\plugin\debug\group_replication.pdb","31051776","4/7/2026 8:24:50 PM"
"databases\mysql\server\lib\plugin\debug\ha_example.dll","74376","4/7/2026 9:06:26 PM"
"databases\mysql\server\lib\plugin\debug\ha_example.pdb","3256320","4/7/2026 8:23:46 PM"
"databases\mysql\server\lib\plugin\debug\ha_mock.dll","121984","4/7/2026 9:06:26 PM"
"databases\mysql\server\lib\plugin\debug\ha_mock.pdb","5025792","4/7/2026 8:23:26 PM"
"databases\mysql\server\lib\plugin\debug\keyring_udf.dll","85640","4/7/2026 9:06:26 PM"
"databases\mysql\server\lib\plugin\debug\keyring_udf.pdb","3280896","4/7/2026 8:23:40 PM"
"databases\mysql\server\lib\plugin\debug\libpluginmecab.dll","73360","4/7/2026 9:06:28 PM"
"databases\mysql\server\lib\plugin\debug\libpluginmecab.pdb","1191936","4/7/2026 8:23:10 PM"
"databases\mysql\server\lib\plugin\debug\locking_service.dll","33936","4/7/2026 9:06:30 PM"
"databases\mysql\server\lib\plugin\debug\locking_service.pdb","954368","4/7/2026 8:23:56 PM"
"databases\mysql\server\lib\plugin\debug\mypluglib.dll","32896","4/7/2026 9:06:32 PM"
"databases\mysql\server\lib\plugin\debug\mypluglib.pdb","1019904","4/7/2026 8:22:48 PM"
"databases\mysql\server\lib\plugin\debug\mysql_clone.dll","827528","4/7/2026 9:06:44 PM"
"databases\mysql\server\lib\plugin\debug\mysql_clone.pdb","3985408","4/7/2026 8:22:56 PM"
"databases\mysql\server\lib\plugin\debug\mysql_no_login.dll","31888","4/7/2026 9:06:46 PM"
"databases\mysql\server\lib\plugin\debug\mysql_no_login.pdb","1011712","4/7/2026 8:23:34 PM"
"databases\mysql\server\lib\plugin\debug\rewriter.dll","140928","4/7/2026 9:06:48 PM"
"databases\mysql\server\lib\plugin\debug\rewriter.pdb","1806336","4/7/2026 8:23:42 PM"
"databases\mysql\server\lib\plugin\debug\rewrite_example.dll","32400","4/7/2026 9:06:48 PM"
"databases\mysql\server\lib\plugin\debug\rewrite_example.pdb","1028096","4/7/2026 8:23:24 PM"
"databases\mysql\server\lib\plugin\debug\semisync_replica.dll","88208","4/7/2026 9:06:48 PM"
"databases\mysql\server\lib\plugin\debug\semisync_replica.pdb","4755456","4/7/2026 8:24:38 PM"
"databases\mysql\server\lib\plugin\debug\semisync_source.dll","202896","4/7/2026 9:06:48 PM"
"databases\mysql\server\lib\plugin\debug\semisync_source.pdb","5099520","4/7/2026 8:24:40 PM"
"databases\mysql\server\lib\plugin\debug\validate_password.dll","105616","4/7/2026 9:06:50 PM"
"databases\mysql\server\lib\plugin\debug\validate_password.pdb","1421312","4/7/2026 8:24:44 PM"
"databases\mysql\server\lib\private\icudt77l\cnvalias.icu","64016","4/7/2026 4:08:28 PM"
"databases\mysql\server\lib\private\icudt77l\uemoji.icu","13296","4/7/2026 4:08:28 PM"
"databases\mysql\server\lib\private\icudt77l\ulayout.icu","14224","4/7/2026 4:08:28 PM"
"databases\mysql\server\lib\private\icudt77l\unames.icu","337136","4/7/2026 4:08:28 PM"
"databases\mysql\server\lib\private\icudt77l\brkitr\burmesedict.dict","254448","4/7/2026 4:08:28 PM"
"databases\mysql\server\lib\private\icudt77l\brkitr\char.brk","13360","4/7/2026 4:08:28 PM"
"databases\mysql\server\lib\private\icudt77l\brkitr\cjdict.dict","2007296","4/7/2026 4:08:28 PM"
"databases\mysql\server\lib\private\icudt77l\brkitr\de.res","2992","4/7/2026 4:08:28 PM"
"databases\mysql\server\lib\private\icudt77l\brkitr\el.res","160","4/7/2026 4:08:28 PM"
"databases\mysql\server\lib\private\icudt77l\brkitr\en.res","1776","4/7/2026 4:08:28 PM"
"databases\mysql\server\lib\private\icudt77l\brkitr\en_US.res","80","4/7/2026 4:08:28 PM"
"databases\mysql\server\lib\private\icudt77l\brkitr\en_US_POSIX.res","160","4/7/2026 4:08:28 PM"
"databases\mysql\server\lib\private\icudt77l\brkitr\es.res","2176","4/7/2026 4:08:28 PM"
"databases\mysql\server\lib\private\icudt77l\brkitr\fi.res","80","4/7/2026 4:08:28 PM"
"databases\mysql\server\lib\private\icudt77l\brkitr\fr.res","1200","4/7/2026 4:08:28 PM"
"databases\mysql\server\lib\private\icudt77l\brkitr\it.res","688","4/7/2026 4:08:28 PM"
"databases\mysql\server\lib\private\icudt77l\brkitr\ja.res","2784","4/7/2026 4:08:28 PM"
"databases\mysql\server\lib\private\icudt77l\brkitr\khmerdict.dict","445552","4/7/2026 4:08:28 PM"
"databases\mysql\server\lib\private\icudt77l\brkitr\ko.res","544","4/7/2026 4:08:28 PM"
"databases\mysql\server\lib\private\icudt77l\brkitr\laodict.dict","162624","4/7/2026 4:08:28 PM"
"databases\mysql\server\lib\private\icudt77l\brkitr\line.brk","73232","4/7/2026 4:08:28 PM"
"databases\mysql\server\lib\private\icudt77l\brkitr\line_cj.brk","73264","4/7/2026 4:08:28 PM"
"databases\mysql\server\lib\private\icudt77l\brkitr\line_loose.brk","75392","4/7/2026 4:08:28 PM"
"databases\mysql\server\lib\private\icudt77l\brkitr\line_loose_cj.brk","80928","4/7/2026 4:08:28 PM"
"databases\mysql\server\lib\private\icudt77l\brkitr\line_loose_phrase_cj.brk","86336","4/7/2026 4:08:28 PM"
"databases\mysql\server\lib\private\icudt77l\brkitr\line_normal.brk","73120","4/7/2026 4:08:28 PM"
"databases\mysql\server\lib\private\icudt77l\brkitr\line_normal_cj.brk","74224","4/7/2026 4:08:28 PM"
"databases\mysql\server\lib\private\icudt77l\brkitr\line_normal_phrase_cj.brk","79424","4/7/2026 4:08:28 PM"
"databases\mysql\server\lib\private\icudt77l\brkitr\line_phrase_cj.brk","78416","4/7/2026 4:08:28 PM"
"databases\mysql\server\lib\private\icudt77l\brkitr\pt.res","2288","4/7/2026 4:08:28 PM"
"databases\mysql\server\lib\private\icudt77l\brkitr\res_index.res","240","4/7/2026 4:08:28 PM"
"databases\mysql\server\lib\private\icudt77l\brkitr\root.res","800","4/7/2026 4:08:28 PM"
"databases\mysql\server\lib\private\icudt77l\brkitr\ru.res","336","4/7/2026 4:08:28 PM"
"databases\mysql\server\lib\private\icudt77l\brkitr\sent.brk","19920","4/7/2026 4:08:28 PM"
"databases\mysql\server\lib\private\icudt77l\brkitr\sent_el.brk","19936","4/7/2026 4:08:28 PM"
"databases\mysql\server\lib\private\icudt77l\brkitr\sv.res","80","4/7/2026 4:08:28 PM"
"databases\mysql\server\lib\private\icudt77l\brkitr\thaidict.dict","126144","4/7/2026 4:08:28 PM"
"databases\mysql\server\lib\private\icudt77l\brkitr\title.brk","12272","4/7/2026 4:08:28 PM"
"databases\mysql\server\lib\private\icudt77l\brkitr\word.brk","22960","4/7/2026 4:08:28 PM"
"databases\mysql\server\lib\private\icudt77l\brkitr\word_POSIX.brk","22976","4/7/2026 4:08:28 PM"
"databases\mysql\server\lib\private\icudt77l\brkitr\zh.res","272","4/7/2026 4:08:28 PM"
"databases\mysql\server\lib\private\icudt77l\brkitr\zh_Hant.res","272","4/7/2026 4:08:28 PM"
"databases\mysql\server\share\dictionary.txt","25575","4/7/2026 4:08:28 PM"
"databases\mysql\server\share\install_rewriter.sql","2323","4/7/2026 7:53:10 PM"
"databases\mysql\server\share\messages_to_clients.txt","668503","4/7/2026 4:08:28 PM"
"databases\mysql\server\share\messages_to_error_log.txt","447500","4/7/2026 4:08:28 PM"
"databases\mysql\server\share\uninstall_rewriter.sql","1325","4/7/2026 7:53:10 PM"
"databases\mysql\server\share\bulgarian\errmsg.sys","442653","4/7/2026 8:35:00 PM"
"databases\mysql\server\share\charsets\armscii8.xml","5976","4/7/2026 4:08:28 PM"
"databases\mysql\server\share\charsets\ascii.xml","5962","4/7/2026 4:08:28 PM"
"databases\mysql\server\share\charsets\cp1250.xml","8691","4/7/2026 4:08:28 PM"
"databases\mysql\server\share\charsets\cp1251.xml","8812","4/7/2026 4:08:28 PM"
"databases\mysql\server\share\charsets\cp1256.xml","6025","4/7/2026 4:08:28 PM"
"databases\mysql\server\share\charsets\cp1257.xml","9358","4/7/2026 4:08:28 PM"
"databases\mysql\server\share\charsets\cp850.xml","5962","4/7/2026 4:08:28 PM"
"databases\mysql\server\share\charsets\cp852.xml","5978","4/7/2026 4:08:28 PM"
"databases\mysql\server\share\charsets\cp866.xml","6069","4/7/2026 4:08:28 PM"
"databases\mysql\server\share\charsets\dec8.xml","6985","4/7/2026 4:08:28 PM"
"databases\mysql\server\share\charsets\geostd8.xml","5972","4/7/2026 4:08:28 PM"
"databases\mysql\server\share\charsets\greek.xml","6184","4/7/2026 4:08:28 PM"
"databases\mysql\server\share\charsets\hebrew.xml","5967","4/7/2026 4:08:28 PM"
"databases\mysql\server\share\charsets\hp8.xml","5958","4/7/2026 4:08:28 PM"
"databases\mysql\server\share\charsets\Index.xml","19525","4/7/2026 4:08:28 PM"
"databases\mysql\server\share\charsets\keybcs2.xml","5985","4/7/2026 4:08:28 PM"
"databases\mysql\server\share\charsets\koi8r.xml","5966","4/7/2026 4:08:28 PM"
"databases\mysql\server\share\charsets\koi8u.xml","6988","4/7/2026 4:08:28 PM"
"databases\mysql\server\share\charsets\latin1.xml","10266","4/7/2026 4:08:28 PM"
"databases\mysql\server\share\charsets\latin2.xml","7688","4/7/2026 4:08:28 PM"
"databases\mysql\server\share\charsets\latin5.xml","5965","4/7/2026 4:08:28 PM"
"databases\mysql\server\share\charsets\latin7.xml","7894","4/7/2026 4:08:28 PM"
"databases\mysql\server\share\charsets\macce.xml","8503","4/7/2026 4:08:28 PM"
"databases\mysql\server\share\charsets\macroman.xml","8514","4/7/2026 4:08:28 PM"
"databases\mysql\server\share\charsets\README","1749","4/7/2026 4:08:28 PM"
"databases\mysql\server\share\charsets\swe7.xml","6986","4/7/2026 4:08:28 PM"
"databases\mysql\server\share\czech\errmsg.sys","442575","4/7/2026 8:35:00 PM"
"databases\mysql\server\share\danish\errmsg.sys","442549","4/7/2026 8:35:00 PM"
"databases\mysql\server\share\dutch\errmsg.sys","443563","4/7/2026 8:35:00 PM"
"databases\mysql\server\share\english\errmsg.sys","441816","4/7/2026 8:35:00 PM"
"databases\mysql\server\share\estonian\errmsg.sys","442080","4/7/2026 8:35:00 PM"
"databases\mysql\server\share\french\errmsg.sys","443189","4/7/2026 8:35:00 PM"
"databases\mysql\server\share\german\errmsg.sys","449333","4/7/2026 8:35:00 PM"
"databases\mysql\server\share\greek\errmsg.sys","448607","4/7/2026 8:35:00 PM"
"databases\mysql\server\share\hungarian\errmsg.sys","442457","4/7/2026 8:35:00 PM"
"databases\mysql\server\share\italian\errmsg.sys","443560","4/7/2026 8:35:00 PM"
"databases\mysql\server\share\japanese\errmsg.sys","449185","4/7/2026 8:35:00 PM"
"databases\mysql\server\share\korean\errmsg.sys","444856","4/7/2026 8:35:00 PM"
"databases\mysql\server\share\norwegian\errmsg.sys","441886","4/7/2026 8:35:00 PM"
"databases\mysql\server\share\norwegian-ny\errmsg.sys","441939","4/7/2026 8:35:00 PM"
"databases\mysql\server\share\polish\errmsg.sys","442745","4/7/2026 8:35:00 PM"
"databases\mysql\server\share\portuguese\errmsg.sys","444665","4/7/2026 8:35:00 PM"
"databases\mysql\server\share\romanian\errmsg.sys","443528","4/7/2026 8:35:00 PM"
"databases\mysql\server\share\russian\errmsg.sys","457001","4/7/2026 8:35:00 PM"
"databases\mysql\server\share\serbian\errmsg.sys","444148","4/7/2026 8:35:00 PM"
"databases\mysql\server\share\slovak\errmsg.sys","442342","4/7/2026 8:35:00 PM"
"databases\mysql\server\share\spanish\errmsg.sys","443416","4/7/2026 8:35:00 PM"
"databases\mysql\server\share\swedish\errmsg.sys","442629","4/7/2026 8:35:00 PM"
"databases\mysql\server\share\ukrainian\errmsg.sys","451624","4/7/2026 8:35:00 PM"
"docs\mongodb_session_summary.txt","4725","7/23/2026 3:02:41 PM"
"docs\README.md","2773","7/23/2026 3:02:41 PM"
"docs\architecture\01_PROJECT_ARCHITECTURE.txt","11345","7/23/2026 3:02:41 PM"
"docs\architecture\02_MYSQL_MIGRATION_KNOWLEDGE.txt","2920","7/23/2026 3:02:41 PM"
"docs\architecture\03_DEVELOPMENT_OPERATING_MANUAL.txt","677","7/23/2026 3:02:41 PM"
"docs\architecture\04_PROJECT_RULES.txt","694","7/23/2026 3:02:41 PM"
"docs\architecture\05_DATABASE_MIGRATION_CHECKLIST.txt","700","7/23/2026 3:02:41 PM"
"docs\architecture\repository_architecture.md","0","7/23/2026 3:02:41 PM"
"docs\mysql\windowsetup.md","0","7/23/2026 3:02:41 PM"
"docs\refactor\01_repository_inventory.md","20501","7/23/2026 3:02:41 PM"
"docs\refactor\02_dependency_map.md","47894","7/23/2026 3:02:41 PM"
"docs\refactor\03_dead_files.md","74323","7/23/2026 3:02:41 PM"
"docs\refactor\04_duplicate_files.md","12489","7/23/2026 3:02:41 PM"
"docs\refactor\05_hardcoded_paths.md","8554","7/23/2026 3:02:41 PM"
"docs\refactor\06_folder_restructure_plan.md","22350","7/23/2026 3:02:41 PM"
"docs\refactor\07_required_file_moves.md","20064","7/23/2026 3:02:41 PM"
"docs\refactor\08_pipeline_dependency_graph.md","56402","7/23/2026 3:02:41 PM"
"docs\refactor\09_cleanup_execution_plan.md","1375","7/23/2026 3:02:41 PM"
"docs\refactor\10_final_target_structure.md","1615","7/23/2026 3:02:41 PM"
"docs\refactor\11_database_ownership_violations.md","21574","7/23/2026 3:02:41 PM"
"docs\refactor\12_postgresql_readiness_report.md","2344","7/23/2026 3:02:41 PM"
"docs\refactor\13_broken_references.md","2570","7/23/2026 3:02:41 PM"
"docs\refactor\14_common_folder_violations.md","1261","7/23/2026 3:02:41 PM"
"docs\refactor\15_risk_assessment.md","1479","7/23/2026 3:02:41 PM"
"docs\refactor\16_configuration_centralization_report.md","43327","7/23/2026 3:02:41 PM"
"docs\refactor\17_core_script_ownership_report.md","8829","7/23/2026 3:02:41 PM"
"docs\refactor\18_active_execution_paths.md","30751","7/23/2026 3:02:41 PM"
"docs\refactor\cleanup_configuration_design.md","3748","7/26/2026 12:18:27 PM"
"docs\refactor\windows_cleanup_runner_notes.md","1944","7/26/2026 5:25:29 PM"
"failed\.gitkeep","0","7/23/2026 3:02:41 PM"
"failed\mongodb\.gitkeep","0","7/23/2026 3:02:41 PM"
"failed\mssql\.gitkeep","0","7/23/2026 3:02:41 PM"
"failed\mysql\.gitkeep","0","7/23/2026 3:02:41 PM"
"failed\postgresql\.gitkeep","0","7/23/2026 3:02:41 PM"
"incoming\archive\testdatasmall.zip","13660","7/21/2026 1:37:15 AM"
"incoming\mongodb\employees.csv","5392","7/27/2026 1:44:38 PM"
"incoming\mongodb\orders.csv","3606","7/27/2026 1:44:38 PM"
"incoming\mongodb\products.csv","3335","7/27/2026 1:44:38 PM"
"incoming\mssql\employees.csv","5392","7/27/2026 1:44:38 PM"
"incoming\mssql\orders.csv","3606","7/27/2026 1:44:38 PM"
"incoming\mssql\products.csv","3335","7/27/2026 1:44:38 PM"
"incoming\mysql\employees.csv","5392","7/27/2026 1:44:38 PM"
"incoming\mysql\orders.csv","3606","7/27/2026 1:44:38 PM"
"incoming\mysql\products.csv","3335","7/27/2026 1:44:38 PM"
"jenkins\Jenkinsfile","13513","7/28/2026 3:52:20 PM"
"jenkins\Jenkinsfile_backup","17681","7/23/2026 3:02:41 PM"
"jenkins\mongodb\ubuntu\cleanup_pipline.groovy","2103","7/23/2026 3:02:41 PM"
"jenkins\mongodb\ubuntu\load_pipeline.groovy","10258","7/26/2026 11:27:28 AM"
"jenkins\mongodb\ubuntu\setup_pipeline.groovy","6561","7/26/2026 11:27:28 AM"
"jenkins\mongodb\windows\cleanup_pipeline.groovy","2784","7/23/2026 3:02:41 PM"
"jenkins\mongodb\windows\load_pipeline.groovy","9841","7/26/2026 10:49:49 PM"
"jenkins\mongodb\windows\mongodb_cleanup.groovy","4704","7/23/2026 3:02:41 PM"
"jenkins\mongodb\windows\setup_pipeline.groovy","13811","7/26/2026 11:55:28 AM"
"jenkins\mssql\ubuntu\cleanup_pipeline.groovy","2083","7/23/2026 3:02:41 PM"
"jenkins\mssql\ubuntu\load_pipeline.groovy","11359","7/28/2026 2:15:39 PM"
"jenkins\mssql\ubuntu\setup_pipeline.groovy","9682","7/27/2026 4:11:27 PM"
"jenkins\mssql\windows\cleanup_pipeline.groovy","2756","7/23/2026 3:02:41 PM"
"jenkins\mssql\windows\load_pipeline.groovy","16917","7/26/2026 10:59:45 PM"
"jenkins\mssql\windows\setup_pipeline.groovy","11336","7/27/2026 4:11:39 PM"
"jenkins\mysql\ubuntu\cleanup_pipeline.groovy","2083","7/23/2026 3:02:41 PM"
"jenkins\mysql\ubuntu\load_pipeline.groovy","10428","7/28/2026 1:34:10 PM"
"jenkins\mysql\ubuntu\setup_pipeline.groovy","9797","7/27/2026 4:11:27 PM"
"jenkins\mysql\windows\cleanup_pipeline.groovy","2747","7/23/2026 3:02:41 PM"
"jenkins\mysql\windows\load_pipeline.groovy","12132","7/26/2026 10:49:48 PM"
"jenkins\mysql\windows\mysql_cleanup.groovy","4545","7/23/2026 3:02:41 PM"
"jenkins\mysql\windows\setup_pipeline.groovy","14081","7/27/2026 6:16:09 PM"
"jenkins\postgresql\ubuntu\cleanup_pipeline.groovy","2133","7/23/2026 3:02:41 PM"
"jenkins\postgresql\ubuntu\load_pipeline.groovy","12313","7/23/2026 3:02:41 PM"
"jenkins\postgresql\ubuntu\setup_pipeline.groovy","9926","7/27/2026 4:29:47 PM"
"jenkins\postgresql\windows\cleanup_pipeline.groovy","2826","7/23/2026 3:02:41 PM"
"jenkins\postgresql\windows\load_pipeline.groovy","12956","7/26/2026 10:49:48 PM"
"jenkins\postgresql\windows\postgresql_cleanup_pipeline.groovy","4654","7/23/2026 3:02:41 PM"
"jenkins\postgresql\windows\setup_pipeline.groovy","13527","7/27/2026 4:11:39 PM"
"jenkins\routing\pipeline_resolver.groovy","645","7/28/2026 4:09:12 PM"
"liquibase\mssql\master.xml","604","7/23/2026 3:02:41 PM"
"liquibase\mssql\objects\custom\functions\.gitkeep","0","7/23/2026 3:02:41 PM"
"liquibase\mssql\objects\custom\indexes\.gitkeep","0","7/23/2026 3:02:41 PM"
"liquibase\mssql\objects\custom\procedures\.gitkeep","0","7/23/2026 3:02:41 PM"
"liquibase\mssql\objects\custom\triggers\.gitkeep","0","7/23/2026 3:02:41 PM"
"liquibase\mssql\objects\custom\views\.gitkeep","0","7/23/2026 3:02:41 PM"
"liquibase\mysql\001_create_employees.xml","1577","7/27/2026 11:06:08 AM"
"liquibase\mysql\002_create_orders.xml","1312","7/27/2026 11:06:08 AM"
"liquibase\mysql\003_create_products.xml","1362","7/27/2026 11:06:08 AM"
"liquibase\mysql\master.xml","604","7/27/2026 11:14:39 AM"
"liquibase\mysql\master_objects.xml","1966","7/27/2026 11:07:22 AM"
"liquibase\mysql\objects\custom\events\.gitkeep","0","7/27/2026 11:14:39 AM"
"liquibase\mysql\objects\custom\functions\.gitkeep","0","7/27/2026 11:14:39 AM"
"liquibase\mysql\objects\custom\indexes\.gitkeep","0","7/27/2026 11:14:39 AM"
"liquibase\mysql\objects\custom\procedures\.gitkeep","0","7/27/2026 11:14:39 AM"
"liquibase\mysql\objects\custom\triggers\.gitkeep","0","7/27/2026 11:14:39 AM"
"liquibase\mysql\objects\custom\views\.gitkeep","0","7/27/2026 11:14:39 AM"
"liquibase\mysql\objects\generated\events\001_ev_employees_cleanup.xml","660","7/27/2026 11:07:22 AM"
"liquibase\mysql\objects\generated\events\002_ev_orders_cleanup.xml","657","7/27/2026 11:07:22 AM"
"liquibase\mysql\objects\generated\events\003_ev_products_cleanup.xml","659","7/27/2026 11:07:22 AM"
"liquibase\mysql\objects\generated\functions\001_fn_employees_count.xml","664","7/27/2026 11:07:22 AM"
"liquibase\mysql\objects\generated\functions\002_fn_orders_count.xml","661","7/27/2026 11:07:22 AM"
"liquibase\mysql\objects\generated\functions\003_fn_products_count.xml","663","7/27/2026 11:07:22 AM"
"liquibase\mysql\objects\generated\indexes\001_idx_employees_employee_id.xml","666","7/27/2026 11:07:22 AM"
"liquibase\mysql\objects\generated\indexes\002_idx_orders_order_id.xml","660","7/27/2026 11:07:22 AM"
"liquibase\mysql\objects\generated\indexes\003_idx_products_product_id.xml","664","7/27/2026 11:07:22 AM"
"liquibase\mysql\objects\generated\procedures\001_sp_employees.xml","660","7/27/2026 11:07:22 AM"
"liquibase\mysql\objects\generated\procedures\002_sp_orders.xml","657","7/27/2026 11:07:22 AM"
"liquibase\mysql\objects\generated\procedures\003_sp_products.xml","659","7/27/2026 11:07:22 AM"
"liquibase\mysql\objects\generated\views\001_v_employees.xml","641","7/27/2026 11:07:22 AM"
"liquibase\mysql\objects\generated\views\002_v_orders.xml","638","7/27/2026 11:07:22 AM"
"liquibase\mysql\objects\generated\views\003_v_products.xml","640","7/27/2026 11:07:22 AM"
"liquibase\postgresql\001_create_employees.xml","1711","7/27/2026 1:44:41 PM"
"liquibase\postgresql\002_create_orders.xml","1446","7/27/2026 1:44:41 PM"
"liquibase\postgresql\003_create_products.xml","1496","7/27/2026 1:44:41 PM"
"liquibase\postgresql\master.xml","536","7/27/2026 2:15:25 PM"
"liquibase\postgresql\master_objects.xml","1853","7/27/2026 1:44:58 PM"
"liquibase\postgresql\objects\custom\extensions\.gitkeep","0","7/27/2026 2:15:25 PM"
"liquibase\postgresql\objects\custom\functions\.gitkeep","0","7/27/2026 2:15:25 PM"
"liquibase\postgresql\objects\custom\indexes\.gitkeep","0","7/27/2026 2:15:25 PM"
"liquibase\postgresql\objects\custom\materialized_views\.gitkeep","0","7/27/2026 2:15:25 PM"
"liquibase\postgresql\objects\custom\procedures\.gitkeep","0","7/27/2026 2:15:25 PM"
"liquibase\postgresql\objects\custom\triggers\.gitkeep","0","7/27/2026 2:15:26 PM"
"liquibase\postgresql\objects\custom\views\.gitkeep","0","7/27/2026 2:15:26 PM"
"liquibase\postgresql\objects\generated\extensions\001_pg_stat_statements.xml","651","7/27/2026 1:44:58 PM"
"liquibase\postgresql\objects\generated\extensions\002_uuid_ossp.xml","642","7/27/2026 1:44:58 PM"
"liquibase\postgresql\objects\generated\functions\001_fn_employees_count.xml","649","7/27/2026 1:44:58 PM"
"liquibase\postgresql\objects\generated\functions\002_fn_orders_count.xml","646","7/27/2026 1:44:58 PM"
"liquibase\postgresql\objects\generated\functions\003_fn_products_count.xml","648","7/27/2026 1:44:58 PM"
"liquibase\postgresql\objects\generated\materialized_views\001_mv_employees.xml","661","7/27/2026 1:44:58 PM"
"liquibase\postgresql\objects\generated\materialized_views\002_mv_orders.xml","658","7/27/2026 1:44:58 PM"
"liquibase\postgresql\objects\generated\materialized_views\003_mv_products.xml","660","7/27/2026 1:44:58 PM"
"liquibase\postgresql\objects\generated\procedures\001_sp_employees.xml","645","7/27/2026 1:44:58 PM"
"liquibase\postgresql\objects\generated\procedures\002_sp_orders.xml","642","7/27/2026 1:44:58 PM"
"liquibase\postgresql\objects\generated\procedures\003_sp_products.xml","644","7/27/2026 1:44:58 PM"
"liquibase\postgresql\objects\generated\views\001_v_employees.xml","634","7/27/2026 1:44:58 PM"
"liquibase\postgresql\objects\generated\views\002_v_orders.xml","631","7/27/2026 1:44:58 PM"
"liquibase\postgresql\objects\generated\views\003_v_products.xml","633","7/27/2026 1:44:58 PM"
"metadata\.gitkeep","0","7/23/2026 3:02:41 PM"
"metadata\assessment\postgresql\assessment.json","6388","7/27/2026 1:45:16 PM"
"metadata\cdc\migration_state.json","359","7/27/2026 1:44:56 PM"
"metadata\common\dataset_state.json","1002","7/27/2026 1:44:38 PM"
"metadata\discovery\mongodb\.gitkeep","0","7/23/2026 3:02:41 PM"
"metadata\discovery\mssql\.gitkeep","0","7/23/2026 3:02:41 PM"
"metadata\discovery\mysql\.gitkeep","0","7/23/2026 3:02:41 PM"
"metadata\discovery\postgresql\.gitkeep","0","7/23/2026 3:02:41 PM"
"metadata\discovery\postgresql\discovery.json","1149","7/27/2026 1:45:15 PM"
"metadata\discovery\postgresql\growth_analysis.json","700","7/27/2026 1:45:16 PM"
"metadata\discovery\postgresql\requirements_analysis.json","369","7/27/2026 1:45:16 PM"
"metadata\discovery\postgresql\history\discovery_snapshot.json","1149","7/27/2026 1:45:15 PM"
"metadata\governance\postgresql\action_plan.json","8982","7/27/2026 1:45:17 PM"
"metadata\migration\.gitkeep","0","7/23/2026 3:02:41 PM"
"metadata\mongodb\.gitkeep","0","7/23/2026 3:02:41 PM"
"metadata\mssql\.gitkeep","0","7/23/2026 3:02:41 PM"
"metadata\mysql\.gitkeep","0","7/23/2026 3:02:41 PM"
"metadata\mysql\cdc_status.json","446","7/27/2026 11:06:36 AM"
"metadata\mysql\data_load_history.jsonl","628","7/27/2026 11:07:08 AM"
"metadata\mysql\object_registry.json","126","7/27/2026 11:07:22 AM"
"metadata\mysql\object_validation_report.json","2364","7/27/2026 11:07:45 AM"
"metadata\mysql\schema_registry.json","802","7/27/2026 11:07:22 AM"
"metadata\mysql\schema_status.json","33","7/27/2026 11:06:36 AM"
"metadata\mysql\trigger_generation_report.json","361","7/27/2026 11:07:22 AM"
"metadata\postgresql\.gitkeep","0","7/23/2026 3:02:41 PM"
"metadata\postgresql\cdc_status.json","1047","7/27/2026 1:44:41 PM"
"metadata\postgresql\data_load_history.jsonl","628","7/27/2026 1:44:56 PM"
"metadata\postgresql\object_registry.json","126","7/27/2026 1:44:58 PM"
"metadata\postgresql\object_validation_report.json","2772","7/27/2026 1:45:10 PM"
"metadata\postgresql\schema_registry.json","802","7/27/2026 1:44:58 PM"
"metadata\postgresql\trigger_generation_report.json","366","7/27/2026 1:44:58 PM"
"metadata\profiling\postgresql\profiling.json","19362","7/27/2026 1:44:40 PM"
"metadata\recommendation\postgresql\recommendation.json","7163","7/27/2026 1:45:16 PM"
"metadata\reconciliation\postgresql\reconciliation.json","3413","7/27/2026 1:45:14 PM"
"objects\mssql\custom\functions\.gitkeep","0","7/23/2026 3:02:41 PM"
"objects\mssql\custom\indexes\.gitkeep","0","7/23/2026 3:02:41 PM"
"objects\mssql\custom\procedures\.gitkeep","0","7/23/2026 3:02:41 PM"
"objects\mssql\custom\triggers\.gitkeep","0","7/23/2026 3:02:41 PM"
"objects\mssql\custom\views\.gitkeep","0","7/23/2026 3:02:41 PM"
"objects\mysql\custom\events\.gitkeep","0","7/23/2026 3:02:41 PM"
"objects\mysql\custom\functions\.gitkeep","0","7/23/2026 3:02:41 PM"
"objects\mysql\custom\indexes\.gitkeep","0","7/23/2026 3:02:41 PM"
"objects\mysql\custom\procedures\.gitkeep","0","7/23/2026 3:02:41 PM"
"objects\mysql\custom\triggers\.gitkeep","0","7/23/2026 3:02:41 PM"
"objects\mysql\custom\views\.gitkeep","0","7/23/2026 3:02:41 PM"
"objects\mysql\generated\events\001_ev_employees_cleanup.sql","104","7/27/2026 11:07:22 AM"
"objects\mysql\generated\events\002_ev_orders_cleanup.sql","98","7/27/2026 11:07:22 AM"
"objects\mysql\generated\events\003_ev_products_cleanup.sql","102","7/27/2026 11:07:22 AM"
"objects\mysql\generated\functions\001_fn_employees_count.sql","147","7/27/2026 11:07:22 AM"
"objects\mysql\generated\functions\002_fn_orders_count.sql","141","7/27/2026 11:07:22 AM"
"objects\mysql\generated\functions\003_fn_products_count.sql","145","7/27/2026 11:07:22 AM"
"objects\mysql\generated\indexes\001_idx_employees_employee_id.sql","72","7/27/2026 11:07:22 AM"
"objects\mysql\generated\indexes\002_idx_orders_order_id.sql","60","7/27/2026 11:07:22 AM"
"objects\mysql\generated\indexes\003_idx_products_product_id.sql","68","7/27/2026 11:07:22 AM"
"objects\mysql\generated\procedures\001_sp_employees.sql","93","7/27/2026 11:07:22 AM"
"objects\mysql\generated\procedures\002_sp_orders.sql","87","7/27/2026 11:07:22 AM"
"objects\mysql\generated\procedures\003_sp_products.sql","91","7/27/2026 11:07:22 AM"
"objects\mysql\generated\views\001_v_employees.sql","265","7/27/2026 11:07:22 AM"
"objects\mysql\generated\views\002_v_orders.sql","230","7/27/2026 11:07:22 AM"
"objects\mysql\generated\views\003_v_products.sql","234","7/27/2026 11:07:22 AM"
"objects\postgresql\custom\extensions\.gitkeep","0","7/23/2026 3:02:41 PM"
"objects\postgresql\custom\functions\.gitkeep","0","7/23/2026 3:02:41 PM"
"objects\postgresql\custom\indexes\.gitkeep","0","7/23/2026 3:02:41 PM"
"objects\postgresql\custom\materialized_views\.gitkeep","0","7/23/2026 3:02:41 PM"
"objects\postgresql\custom\procedures\.gitkeep","0","7/23/2026 3:02:41 PM"
"objects\postgresql\custom\triggers\.gitkeep","0","7/23/2026 3:02:41 PM"
"objects\postgresql\custom\views\.gitkeep","0","7/23/2026 3:02:41 PM"
"objects\postgresql\generated\extensions\001_pg_stat_statements.sql","52","7/27/2026 1:44:58 PM"
"objects\postgresql\generated\extensions\002_uuid_ossp.sql","43","7/27/2026 1:44:58 PM"
"objects\postgresql\generated\functions\001_fn_employees_count.sql","187","7/27/2026 1:44:58 PM"
"objects\postgresql\generated\functions\002_fn_orders_count.sql","181","7/27/2026 1:44:58 PM"
"objects\postgresql\generated\functions\003_fn_products_count.sql","185","7/27/2026 1:44:58 PM"
"objects\postgresql\generated\materialized_views\001_mv_employees.sql","103","7/27/2026 1:44:58 PM"
"objects\postgresql\generated\materialized_views\002_mv_orders.sql","97","7/27/2026 1:44:58 PM"
"objects\postgresql\generated\materialized_views\003_mv_products.sql","101","7/27/2026 1:44:58 PM"
"objects\postgresql\generated\procedures\001_sp_employees.sql","240","7/27/2026 1:44:58 PM"
"objects\postgresql\generated\procedures\002_sp_orders.sql","231","7/27/2026 1:44:58 PM"
"objects\postgresql\generated\procedures\003_sp_products.sql","237","7/27/2026 1:44:58 PM"
"objects\postgresql\generated\views\001_v_employees.sql","82","7/27/2026 1:44:58 PM"
"objects\postgresql\generated\views\002_v_orders.sql","76","7/27/2026 1:44:58 PM"
"objects\postgresql\generated\views\003_v_products.sql","80","7/27/2026 1:44:58 PM"
"outputs\assessments\.gitkeep","0","7/23/2026 3:02:41 PM"
"outputs\assessments\assessment_report.json","1051","7/27/2026 1:45:12 PM"
"outputs\assessments\mongodb\.gitkeep","0","7/23/2026 3:02:41 PM"
"outputs\assessments\mssql\.gitkeep","0","7/23/2026 3:02:41 PM"
"outputs\assessments\mysql\.gitkeep","0","7/23/2026 3:02:41 PM"
"outputs\assessments\postgresql\.gitkeep","0","7/23/2026 3:02:41 PM"
"outputs\assessments\postgresql\database.json","324","7/27/2026 1:45:11 PM"
"outputs\assessments\postgresql\extension.json","409","7/27/2026 1:45:11 PM"
"outputs\assessments\postgresql\function.json","2087","7/27/2026 1:45:11 PM"
"outputs\assessments\postgresql\index.json","1080","7/27/2026 1:45:11 PM"
"outputs\assessments\postgresql\materialized_view.json","516","7/27/2026 1:45:11 PM"
"outputs\assessments\postgresql\procedure.json","481","7/27/2026 1:45:11 PM"
"outputs\assessments\postgresql\schema.json","488","7/27/2026 1:45:11 PM"
"outputs\assessments\postgresql\table.json","727","7/27/2026 1:45:11 PM"
"outputs\assessments\postgresql\trigger.json","135","7/27/2026 1:45:11 PM"
"outputs\assessments\postgresql\view.json","555","7/27/2026 1:45:11 PM"
"outputs\jenkins_builds\#11myqlloadfinal.txt","48227","7/28/2026 2:56:15 PM"
"outputs\jenkins_builds\mssql\#2mssqlUbatuSetup.txt","120698","7/28/2026 1:37:31 PM"
"outputs\jenkins_builds\mssql\#4mssqlubatuload.txt","19033","7/28/2026 1:50:41 PM"
"outputs\jenkins_builds\mssql\#6mssql_load.txt","79222","7/28/2026 2:03:03 PM"
"outputs\jenkins_builds\mysql\#1ubatu_mysql_setup.txt","123169","7/28/2026 12:44:57 PM"
"outputs\jenkins_builds\mysql\#2ubatu_mysql_load.txt","22280","7/28/2026 12:45:13 PM"
"outputs\jenkins_builds\mysql\#3Mysql_ubatu_load_pass.txt","42360","7/28/2026 1:27:56 PM"
"outputs\jenkins_builds\postgresql\#1divya_setup.txt","44920","7/28/2026 10:47:26 AM"
"outputs\jenkins_builds\postgresql\#2 diya_setup.txt","30274","7/28/2026 11:47:18 AM"
"outputs\jenkins_builds\postgresql\#2nitesh_setup.txt","37446","7/28/2026 10:48:22 AM"
"outputs\jenkins_builds\postgresql\#5_divy_posgre_other branch.txt","49873","7/28/2026 12:09:53 PM"
"PROJECT_DOCUMENTATION\01_EXECUTIVE_PROJECT_OVERVIEW.md","3226","7/23/2026 3:02:41 PM"
"PROJECT_DOCUMENTATION\02_SYSTEM_ARCHITECTURE.md","5729","7/23/2026 3:02:41 PM"
"PROJECT_DOCUMENTATION\03_PROJECT_DIRECTORY_STRUCTURE.md","3750","7/23/2026 3:02:41 PM"
"PROJECT_DOCUMENTATION\04_THREE_EXECUTION_MODES.md","9431","7/23/2026 3:02:41 PM"
"PROJECT_DOCUMENTATION\05_DATABASE_SUPPORT_MATRIX.md","4183","7/23/2026 3:02:41 PM"
"PROJECT_DOCUMENTATION\06_CONFIGURATION_ARCHITECTURE.md","3964","7/23/2026 3:02:41 PM"
"PROJECT_DOCUMENTATION\07_EXECUTION_AND_CALL_FLOW.md","6007","7/23/2026 3:02:41 PM"
"PROJECT_DOCUMENTATION\08_JENKINS_PIPELINE_ARCHITECTURE.md","4550","7/23/2026 3:02:41 PM"
"PROJECT_DOCUMENTATION\09_WINDOWS_VS_UBUNTU_EXECUTION.md","3430","7/23/2026 3:02:41 PM"
"PROJECT_DOCUMENTATION\10_TERRAFORM_AUTOMATION.md","2932","7/23/2026 3:02:41 PM"
"PROJECT_DOCUMENTATION\11_LIQUIBASE_SCHEMA_AUTOMATION.md","3120","7/23/2026 3:02:41 PM"
"PROJECT_DOCUMENTATION\12_DATA_LOADING_ARCHITECTURE.md","2872","7/23/2026 3:02:41 PM"
"PROJECT_DOCUMENTATION\13_METADATA_ARCHITECTURE.md","2439","7/23/2026 3:02:41 PM"
"PROJECT_DOCUMENTATION\14_DATABASE_OBJECT_AUTOMATION.md","3483","7/23/2026 3:02:41 PM"
"PROJECT_DOCUMENTATION\15_RBAC_AUTOMATION.md","2702","7/23/2026 3:02:41 PM"
"PROJECT_DOCUMENTATION\16_VALIDATION_FRAMEWORK.md","2810","7/23/2026 3:02:41 PM"
"PROJECT_DOCUMENTATION\17_LOGGING_REPORTING_AND_OUTPUTS.md","2532","7/23/2026 3:02:41 PM"
"PROJECT_DOCUMENTATION\18_DEPENDENCIES_AND_PREREQUISITES.md","2591","7/23/2026 3:02:41 PM"
"PROJECT_DOCUMENTATION\19_END_TO_END_WORKFLOWS.md","2627","7/23/2026 3:02:41 PM"
"PROJECT_DOCUMENTATION\20_AS_BUILT_IMPLEMENTATION_STATUS.md","4002","7/23/2026 3:02:41 PM"
"PROJECT_DOCUMENTATION\21_DEVELOPER_RUNBOOK.md","2817","7/23/2026 3:02:41 PM"
"PROJECT_DOCUMENTATION\22_TROUBLESHOOTING_GUIDE.md","3071","7/23/2026 3:02:41 PM"
"PROJECT_DOCUMENTATION\23_DEMO_AND_EXPLANATION_GUIDE.md","9213","7/23/2026 3:02:41 PM"
"PROJECT_DOCUMENTATION\24_GLOSSARY.md","3001","7/23/2026 3:02:41 PM"
"PROJECT_DOCUMENTATION\DOCUMENTATION_PROGRESS.md","1898","7/23/2026 3:02:41 PM"
"PROJECT_DOCUMENTATION\IMPLEMENTATION_VALIDATION_TRACKER.md","138045","7/23/2026 3:02:41 PM"
"PROJECT_DOCUMENTATION\README.md","6457","7/23/2026 3:02:41 PM"
"PROJECT_DOCUMENTATION\diagrams\01_HIGH_LEVEL_ARCHITECTURE.md","873","7/23/2026 3:02:41 PM"
"PROJECT_DOCUMENTATION\diagrams\01_HIGH_LEVEL_ARCHITECTURE.mmd","823","7/23/2026 3:02:41 PM"
"PROJECT_DOCUMENTATION\diagrams\02_THREE_EXECUTION_MODES.md","500","7/23/2026 3:02:41 PM"
"PROJECT_DOCUMENTATION\diagrams\02_THREE_EXECUTION_MODES.mmd","452","7/23/2026 3:02:41 PM"
"PROJECT_DOCUMENTATION\diagrams\03_MAIN_JENKINS_MULTI_NODE_FLOW.md","579","7/23/2026 3:02:41 PM"
"PROJECT_DOCUMENTATION\diagrams\03_MAIN_JENKINS_MULTI_NODE_FLOW.mmd","524","7/23/2026 3:02:41 PM"
"PROJECT_DOCUMENTATION\diagrams\04_STANDALONE_JENKINS_FLOW.md","439","7/23/2026 3:02:41 PM"
"PROJECT_DOCUMENTATION\diagrams\04_STANDALONE_JENKINS_FLOW.mmd","389","7/23/2026 3:02:41 PM"
"PROJECT_DOCUMENTATION\diagrams\05_DIRECT_LOCAL_EXECUTION_FLOW.md","452","7/23/2026 3:02:41 PM"
"PROJECT_DOCUMENTATION\diagrams\05_DIRECT_LOCAL_EXECUTION_FLOW.mmd","398","7/23/2026 3:02:41 PM"
"PROJECT_DOCUMENTATION\diagrams\06_END_TO_END_SETUP_FLOW.md","389","7/23/2026 3:02:41 PM"
"PROJECT_DOCUMENTATION\diagrams\06_END_TO_END_SETUP_FLOW.mmd","341","7/23/2026 3:02:41 PM"
"PROJECT_DOCUMENTATION\diagrams\07_DATA_LOAD_FLOW.md","393","7/23/2026 3:02:41 PM"
"PROJECT_DOCUMENTATION\diagrams\07_DATA_LOAD_FLOW.mmd","352","7/23/2026 3:02:41 PM"
"PROJECT_DOCUMENTATION\diagrams\08_LIQUIBASE_FLOW.md","391","7/23/2026 3:02:41 PM"
"PROJECT_DOCUMENTATION\diagrams\08_LIQUIBASE_FLOW.mmd","350","7/23/2026 3:02:41 PM"
"PROJECT_DOCUMENTATION\diagrams\09_DATABASE_OBJECT_FLOW.md","473","7/23/2026 3:02:41 PM"
"PROJECT_DOCUMENTATION\diagrams\09_DATABASE_OBJECT_FLOW.mmd","426","7/23/2026 3:02:41 PM"
"PROJECT_DOCUMENTATION\diagrams\10_RBAC_FLOW.md","435","7/23/2026 3:02:41 PM"
"PROJECT_DOCUMENTATION\diagrams\10_RBAC_FLOW.mmd","399","7/23/2026 3:02:41 PM"
"PROJECT_DOCUMENTATION\diagrams\11_CONFIGURATION_FLOW.md","446","7/23/2026 3:02:41 PM"
"PROJECT_DOCUMENTATION\diagrams\11_CONFIGURATION_FLOW.mmd","401","7/23/2026 3:02:41 PM"
"PROJECT_DOCUMENTATION\diagrams\12_COMPONENT_DEPENDENCY_DIAGRAM.md","782","7/23/2026 3:02:41 PM"
"PROJECT_DOCUMENTATION\diagrams\12_COMPONENT_DEPENDENCY_DIAGRAM.mmd","727","7/23/2026 3:02:41 PM"
"PROJECT_DOCUMENTATION\_evidence\execution_call_graph.csv","6491","7/23/2026 3:02:41 PM"
"PROJECT_DOCUMENTATION\_evidence\project_file_inventory.csv","55568","7/23/2026 3:02:41 PM"
"PROJECT_WORKING_STATE\INDEX.md","1086","7/26/2026 11:55:28 AM"
"PROJECT_WORKING_STATE\mongodb_configure_user_skip.md","1489","7/27/2026 4:18:18 PM"
"PROJECT_WORKING_STATE\README.md","3415","7/26/2026 11:56:33 AM"
"PROJECT_WORKING_STATE\mongodb\windows\ARCHITECTURE.md","3724","7/26/2026 11:55:28 AM"
"PROJECT_WORKING_STATE\mongodb\windows\CURRENT_STATE.md","13237","7/26/2026 11:55:28 AM"
"PROJECT_WORKING_STATE\mongodb\windows\README.md","661","7/26/2026 11:55:28 AM"
"PROJECT_WORKING_STATE\mongodb\windows\HANDOFFS\000001_2026-07-23_1505_initial-bootstrap.md","3347","7/26/2026 11:55:28 AM"
"PROJECT_WORKING_STATE\mongodb\windows\HANDOFFS\000002_2026-07-23_1610_mongodb-windows-audit.md","8849","7/26/2026 11:55:28 AM"
"PROJECT_WORKING_STATE\mongodb\windows\HANDOFFS\000003_2026-07-23_harden-instance-ownership.md","8638","7/26/2026 11:55:28 AM"
"PROJECT_WORKING_STATE\mongodb\windows\HANDOFFS\000004_2026-07-23_cross-workspace-identity.md","11439","7/26/2026 11:55:28 AM"
"PROJECT_WORKING_STATE\mongodb\windows\HANDOFFS\000005_2026-07-23_load-prefight-fresh-workspace.md","11971","7/26/2026 11:55:28 AM"
"PROJECT_WORKING_STATE\mongodb\windows\HANDOFFS\000006_2026-07-23_mongodb-windows-load-parity.md","12325","7/26/2026 11:55:28 AM"
"PROJECT_WORKING_STATE\mongodb\windows\HANDOFFS\000007_2026-07-23_runtime-proof-cdc-checkpoint.md","11165","7/26/2026 11:55:28 AM"
"PROJECT_WORKING_STATE\mongodb\windows\HANDOFFS\000008_2026-07-23_jenkins-runtime-boundary.md","7395","7/26/2026 11:55:28 AM"
"PROJECT_WORKING_STATE\mongodb\windows\HANDOFFS\000009_2026-07-23_jenkins-runtime-proof.md","6909","7/26/2026 11:55:28 AM"
"PROJECT_WORKING_STATE\mongodb\windows\HANDOFFS\000010_2026-07-23_main-jenkins-integration.md","6291","7/26/2026 11:55:28 AM"
"PROJECT_WORKING_STATE\mongodb\windows\HANDOFFS\000011_2026-07-24_setup-groovy-parity-fix.md","1449","7/26/2026 11:55:28 AM"
"PROJECT_WORKING_STATE\mongodb\windows\HANDOFFS\000012_2026-07-24_finalization.md","2956","7/26/2026 11:55:28 AM"
"PROJECT_WORKING_STATE\mssql\windows\ARCHITECTURE.md","4208","7/26/2026 11:55:28 AM"
"PROJECT_WORKING_STATE\mssql\windows\CURRENT_STATE.md","21017","7/26/2026 11:55:28 AM"
"PROJECT_WORKING_STATE\mssql\windows\README.md","628","7/26/2026 11:55:28 AM"
"PROJECT_WORKING_STATE\mssql\windows\HANDOFFS\000001_2026-07-23_1505_initial-bootstrap.md","3497","7/26/2026 11:55:28 AM"
"PROJECT_WORKING_STATE\mssql\windows\HANDOFFS\000002_2026-07-23_1616_mssql-windows-audit.md","10726","7/26/2026 11:55:28 AM"
"PROJECT_WORKING_STATE\mssql\windows\HANDOFFS\000003_2026-07-23_1625_cdc-exit-100-fix.md","4357","7/26/2026 11:55:28 AM"
"PROJECT_WORKING_STATE\mssql\windows\HANDOFFS\000004_2026-07-23_1645_instance-ownership-verification.md","5520","7/26/2026 11:55:28 AM"
"PROJECT_WORKING_STATE\mssql\windows\HANDOFFS\000005_2026-07-23_1715_fresh-workspace-local-load-bootstrap.md","7450","7/26/2026 11:55:28 AM"
"PROJECT_WORKING_STATE\mssql\windows\HANDOFFS\000006_2026-07-23_1730_groovy-fresh-workspace-bootstrap-parity.md","8499","7/26/2026 11:55:28 AM"
"PROJECT_WORKING_STATE\mssql\windows\HANDOFFS\000007_2026-07-23_1845_mssql-finalization-milestone.md","7441","7/26/2026 11:55:28 AM"
"PROJECT_WORKING_STATE\mssql\windows\HANDOFFS\000008_2026-07-23_2106_load-finalization-parity.md","7863","7/26/2026 11:55:28 AM"
"PROJECT_WORKING_STATE\mssql\windows\HANDOFFS\000009_2026-07-23_2130_code-level-freeze-readiness.md","3470","7/26/2026 11:55:28 AM"
"PROJECT_WORKING_STATE\mssql\windows\HANDOFFS\000010_2026-07-23_2230_safe-post-freeze-runtime-validation.md","3500","7/26/2026 11:55:28 AM"
"PROJECT_WORKING_STATE\mssql\windows\HANDOFFS\000011_2026-07-24_0223_ownership-detection-fix-and-local-runtime.md","10754","7/26/2026 11:55:28 AM"
"PROJECT_WORKING_STATE\mysql\windows\ARCHITECTURE.md","4929","7/26/2026 11:55:45 AM"
"PROJECT_WORKING_STATE\mysql\windows\CURRENT_STATE.md","4196","7/26/2026 11:55:45 AM"
"PROJECT_WORKING_STATE\mysql\windows\README.md","2596","7/26/2026 11:55:45 AM"
"PROJECT_WORKING_STATE\mysql\windows\HANDOFFS\000001_2026-07-23_1505_initial-bootstrap.md","3771","7/26/2026 11:55:45 AM"
"PROJECT_WORKING_STATE\mysql\windows\HANDOFFS\000002_2026-07-25_2240_mysql-pws-restructure.md","4640","7/26/2026 11:55:45 AM"
"PROJECT_WORKING_STATE\mysql\windows\HANDOFFS\000003_2026-07-25_2345_mysql-setup-pipeline-implemented.md","5868","7/26/2026 11:55:45 AM"
"PROJECT_WORKING_STATE\mysql\windows\HANDOFFS\000004_2026-07-26_0914_mysql-setup-ux-refinement.md","3580","7/26/2026 11:55:45 AM"
"PROJECT_WORKING_STATE\mysql\windows\HANDOFFS\000005_2026-07-26_0945_mysql-load-finalization.md","8753","7/26/2026 11:55:45 AM"
"rbac\auth.py","682","7/23/2026 3:02:41 PM"
"rbac\authorization.py","508","7/23/2026 3:02:41 PM"
"rbac\auth_cli.py","475","7/23/2026 3:02:41 PM"
"rbac\cli.py","701","7/23/2026 3:02:41 PM"
"rbac\credentials.json","866","7/23/2026 3:02:41 PM"
"rbac\permissions.json","863","7/23/2026 3:02:41 PM"
"rbac\roles.json","1248","7/23/2026 3:02:41 PM"
"rbac\utils.py","735","7/23/2026 3:02:41 PM"
"rbac\__init__.py","0","7/23/2026 3:02:41 PM"
"reports\migration\postgresql\executive_report.html","18943","7/27/2026 1:45:17 PM"
"reports\migration\postgresql\technical_report.html","56930","7/27/2026 1:45:17 PM"
"requirements\common.txt","43","7/23/2026 3:02:41 PM"
"requirements\mongodb.txt","24","7/23/2026 3:02:41 PM"
"requirements\mssql.txt","23","7/23/2026 3:02:41 PM"
"requirements\mysql.txt","41","7/23/2026 3:02:41 PM"
"requirements\postgresql.txt","32","7/23/2026 3:02:41 PM"
"scripts\data_loader.py","18287","7/23/2026 3:02:43 PM"
"scripts\data_loader_mongodb.py","13391","7/23/2026 3:02:43 PM"
"scripts\liquibase_generator.py","8047","7/23/2026 3:02:43 PM"
"scripts\metadata_manager.py","4102","7/23/2026 3:02:43 PM"
"scripts\run_liquibase.py","9477","7/23/2026 3:02:44 PM"
"scripts\schema_detector.py","8591","7/27/2026 11:00:02 AM"
"scripts\schema_diff.py","6127","7/23/2026 3:02:44 PM"
"scripts\version_manager.py","3402","7/23/2026 3:02:44 PM"
"scripts\assessment\assessment_engine.py","16088","7/23/2026 3:02:41 PM"
"scripts\assessment\complexity_assessor.py","9682","7/23/2026 3:02:41 PM"
"scripts\assessment\readiness_assessor.py","11881","7/23/2026 3:02:41 PM"
"scripts\assessment\risk_assessor.py","15934","7/23/2026 3:02:41 PM"
"scripts\assessment\__init__.py","0","7/23/2026 3:02:41 PM"
"scripts\assessment\__pycache__\complexity_assessor.cpython-312.pyc","6092","7/27/2026 1:45:16 PM"
"scripts\assessment\__pycache__\readiness_assessor.cpython-312.pyc","7820","7/27/2026 1:45:16 PM"
"scripts\assessment\__pycache__\risk_assessor.cpython-312.pyc","8959","7/27/2026 1:45:16 PM"
"scripts\assessment\__pycache__\__init__.cpython-312.pyc","185","7/27/2026 1:45:16 PM"
"scripts\bash\install_python_requirements.sh","396","7/23/2026 3:02:42 PM"
"scripts\bash\validate_python_requirements.sh","767","7/23/2026 3:02:42 PM"
"scripts\bash\common\download_dataset.sh","478","7/23/2026 3:02:41 PM"
"scripts\bash\common\generate_assessment_report.sh","190","7/23/2026 3:02:41 PM"
"scripts\bash\common\generate_executive_report.sh","596","7/23/2026 3:02:41 PM"
"scripts\bash\common\generate_technical_report.sh","596","7/23/2026 3:02:41 PM"
"scripts\bash\common\install_liquibase.sh","1255","7/23/2026 3:02:41 PM"
"scripts\bash\common\install_mssql_driver.sh","1209","7/23/2026 3:02:41 PM"
"scripts\bash\common\install_python_requirements.sh","531","7/23/2026 3:02:41 PM"
"scripts\bash\common\install_terraform.sh","1217","7/23/2026 3:02:41 PM"
"scripts\bash\common\install_tools.sh","287","7/23/2026 3:02:41 PM"
"scripts\bash\common\run_action_plan.sh","571","7/23/2026 3:02:41 PM"
"scripts\bash\common\run_assessment.sh","565","7/23/2026 3:02:41 PM"
"scripts\bash\common\run_cleanup_pipeline.sh","6340","7/26/2026 6:27:08 PM"
"scripts\bash\common\run_data_profiling.sh","552","7/23/2026 3:02:41 PM"
"scripts\bash\common\run_recommendation.sh","587","7/23/2026 3:02:41 PM"
"scripts\bash\common\run_reconciliation.sh","575","7/23/2026 3:02:41 PM"
"scripts\bash\common\set_project_root.sh","137","7/23/2026 3:02:41 PM"
"scripts\bash\common\validate_java_runtime.sh","660","7/23/2026 3:02:41 PM"
"scripts\bash\common\validate_python_runtime.sh","503","7/23/2026 3:02:41 PM"
"scripts\bash\common\validate_tools.sh","546","7/23/2026 3:02:41 PM"
"scripts\bash\common\migration\generate_executive_report.sh","839","7/23/2026 3:02:41 PM"
"scripts\bash\common\migration\generate_technical_report.sh","839","7/23/2026 3:02:41 PM"
"scripts\bash\common\migration\run_action_plan.sh","811","7/23/2026 3:02:41 PM"
"scripts\bash\common\migration\run_assessment.sh","805","7/23/2026 3:02:41 PM"
"scripts\bash\common\migration\run_data_profiling.sh","780","7/23/2026 3:02:41 PM"
"scripts\bash\common\migration\run_migration_analysis.sh","1169","7/23/2026 3:02:41 PM"
"scripts\bash\common\migration\run_recommendation.sh","828","7/23/2026 3:02:41 PM"
"scripts\bash\common\migration\run_reconciliation.sh","813","7/23/2026 3:02:41 PM"
"scripts\bash\mongodb\mongodb_load_pipeline.sh","1356","7/23/2026 3:02:42 PM"
"scripts\bash\mongodb\mongodb_setup_pipeline.sh","951","7/23/2026 3:02:42 PM"
"scripts\bash\mongodb\assessment\run_assessment.sh","202","7/23/2026 3:02:42 PM"
"scripts\bash\mongodb\cleanup\cleanup_mongodb_load_artifacts.sh","3990","7/23/2026 3:02:42 PM"
"scripts\bash\mongodb\cleanup\mongodb_cleanup_pipeline.sh","976","7/26/2026 6:22:47 PM"
"scripts\bash\mongodb\cleanup\remove_mongodb.sh","4134","7/23/2026 3:02:42 PM"
"scripts\bash\mongodb\cleanup\reset_terraform_state.sh","3920","7/23/2026 3:02:42 PM"
"scripts\bash\mongodb\cleanup\stop_mongodb.sh","2665","7/23/2026 3:02:42 PM"
"scripts\bash\mongodb\cleanup\validate_cleanup.sh","4979","7/23/2026 3:02:42 PM"
"scripts\bash\mongodb\load\load_data.sh","1051","7/23/2026 3:02:42 PM"
"scripts\bash\mongodb\load\validate_loaded_data.sh","515","7/23/2026 3:02:42 PM"
"scripts\bash\mongodb\setup\configure_global_mongosh.sh","1251","7/23/2026 3:02:42 PM"
"scripts\bash\mongodb\setup\configure_mongodb_service.sh","2216","7/23/2026 3:02:42 PM"
"scripts\bash\mongodb\setup\install_mongodb.sh","1160","7/23/2026 3:02:42 PM"
"scripts\bash\mongodb\setup\install_mongosh.sh","992","7/23/2026 3:02:42 PM"
"scripts\bash\mongodb\setup\install_python_requirements.sh","496","7/23/2026 3:02:42 PM"
"scripts\bash\mongodb\setup\install_tools.sh","605","7/23/2026 3:02:42 PM"
"scripts\bash\mongodb\setup\start_mongodb.sh","1219","7/23/2026 3:02:42 PM"
"scripts\bash\mongodb\setup\stop_mongodb.sh","732","7/23/2026 3:02:42 PM"
"scripts\bash\mongodb\setup\validate_mongodb.sh","709","7/23/2026 3:02:42 PM"
"scripts\bash\mongodb\setup\validate_port.sh","581","7/23/2026 3:02:42 PM"
"scripts\bash\mongodb\setup\validate_python_requirements.sh","572","7/23/2026 3:02:42 PM"
"scripts\bash\mongodb\setup\validate_tools.sh","559","7/23/2026 3:02:42 PM"
"scripts\bash\mssql\create_database.sh","958","7/23/2026 3:02:42 PM"
"scripts\bash\mssql\install_sqlcmd.sh","1337","7/23/2026 3:02:42 PM"
"scripts\bash\mssql\load_data.sh","139","7/23/2026 3:02:42 PM"
"scripts\bash\mssql\mssql_load_pipeline.sh","1085","7/23/2026 3:02:42 PM"
"scripts\bash\mssql\mssql_setup_pipeline.sh","1725","7/23/2026 3:02:42 PM"
"scripts\bash\mssql\run_liquibase.sh","1346","7/23/2026 3:02:42 PM"
"scripts\bash\mssql\start_mssql.sh","570","7/23/2026 3:02:42 PM"
"scripts\bash\mssql\validate_environment.sh","937","7/23/2026 3:02:42 PM"
"scripts\bash\mssql\validate_loaded_data.sh","151","7/23/2026 3:02:42 PM"
"scripts\bash\mssql\validate_mssql.sh","823","7/23/2026 3:02:42 PM"
"scripts\bash\mssql\validate_tools.sh","1034","7/23/2026 3:02:42 PM"
"scripts\bash\mssql\assessment\run_assessment.sh","200","7/23/2026 3:02:42 PM"
"scripts\bash\mssql\cleanup\cleanup_mssql_load_artifacts.sh","3952","7/23/2026 3:02:42 PM"
"scripts\bash\mssql\cleanup\cleanup_mssql_xml.sh","3821","7/23/2026 3:02:42 PM"
"scripts\bash\mssql\cleanup\mssql_cleanup_pipeline.sh","970","7/26/2026 6:22:18 PM"
"scripts\bash\mssql\cleanup\remove_mssql.sh","5277","7/23/2026 3:02:42 PM"
"scripts\bash\mssql\cleanup\reset_terraform_state.sh","4040","7/23/2026 3:02:42 PM"
"scripts\bash\mssql\cleanup\stop_mssql.sh","2286","7/23/2026 3:02:42 PM"
"scripts\bash\mssql\cleanup\validate_cleanup.sh","6760","7/23/2026 3:02:42 PM"
"scripts\bash\mssql\load\database_inventory.sh","204","7/23/2026 3:02:42 PM"
"scripts\bash\mssql\load\load_data.sh","3088","7/23/2026 3:02:42 PM"
"scripts\bash\mssql\load\sql_agent.sh","200","7/23/2026 3:02:42 PM"
"scripts\bash\mssql\load\table_inventory.sh","201","7/23/2026 3:02:42 PM"
"scripts\bash\mssql\load\validate_csv.sh","193","7/23/2026 3:02:42 PM"
"scripts\bash\mssql\load\validate_loaded_data.sh","417","7/23/2026 3:02:42 PM"
"scripts\bash\mssql\objects\deploy_objects.sh","838","7/23/2026 3:02:42 PM"
"scripts\bash\mssql\objects\validate_objects.sh","212","7/23/2026 3:02:42 PM"
"scripts\bash\mssql\setup\check_instance.sh","1258","7/23/2026 3:02:42 PM"
"scripts\bash\mssql\setup\configure_global_mssql.sh","1688","7/23/2026 3:02:42 PM"
"scripts\bash\mssql\setup\configure_mssql.sh","2967","7/23/2026 3:02:42 PM"
"scripts\bash\mssql\setup\configure_mssql_user.sh","1899","7/28/2026 1:59:06 PM"
"scripts\bash\mssql\setup\create_database.sh","1167","7/23/2026 3:02:42 PM"
"scripts\bash\mssql\setup\deploy_mssql.sh","1702","7/23/2026 3:02:42 PM"
"scripts\bash\mssql\setup\install_mssql.sh","3626","7/23/2026 3:02:42 PM"
"scripts\bash\mssql\setup\install_mssql_driver.sh","1224","7/23/2026 3:02:42 PM"
"scripts\bash\mssql\setup\install_python_requirements.sh","805","7/23/2026 3:02:42 PM"
"scripts\bash\mssql\setup\install_tools.sh","646","7/23/2026 3:02:42 PM"
"scripts\bash\mssql\setup\run_liquibase.sh","2012","7/23/2026 3:02:42 PM"
"scripts\bash\mssql\setup\start_mssql.sh","1381","7/23/2026 3:02:42 PM"
"scripts\bash\mssql\setup\validate_environment.sh","725","7/23/2026 3:02:42 PM"
"scripts\bash\mssql\setup\validate_mssql.sh","1665","7/23/2026 3:02:42 PM"
"scripts\bash\mssql\setup\validate_mssql_instance.sh","1140","7/23/2026 3:02:42 PM"
"scripts\bash\mssql\setup\validate_port.sh","580","7/23/2026 3:02:42 PM"
"scripts\bash\mssql\setup\validate_python_requirements.sh","804","7/23/2026 3:02:42 PM"
"scripts\bash\mssql\setup\validate_tools.sh","1039","7/23/2026 3:02:42 PM"
"scripts\bash\mysql\mysql_load_pipeline.sh","1217","7/23/2026 3:02:42 PM"
"scripts\bash\mysql\mysql_setup_pipeline.sh","1964","7/23/2026 3:02:42 PM"
"scripts\bash\mysql\assessment\run_assessment.sh","200","7/23/2026 3:02:42 PM"
"scripts\bash\mysql\cleanup\cleanup_mysql_load_artifacts.sh","4170","7/23/2026 3:02:42 PM"
"scripts\bash\mysql\cleanup\cleanup_mysql_xml.sh","3767","7/23/2026 3:02:42 PM"
"scripts\bash\mysql\cleanup\mysql_cleanup_pipeline.sh","970","7/26/2026 6:22:03 PM"
"scripts\bash\mysql\cleanup\remove_mysql.sh","3722","7/23/2026 3:02:42 PM"
"scripts\bash\mysql\cleanup\reset_terraform_state.sh","3653","7/23/2026 3:02:42 PM"
"scripts\bash\mysql\cleanup\stop_mysql.sh","1290","7/23/2026 3:02:42 PM"
"scripts\bash\mysql\cleanup\validate_cleanup.sh","4907","7/23/2026 3:02:42 PM"
"scripts\bash\mysql\load\load_data.sh","2958","7/23/2026 3:02:42 PM"
"scripts\bash\mysql\load\validate_csv.sh","350","7/23/2026 3:02:42 PM"
"scripts\bash\mysql\load\validate_loaded_data.sh","413","7/23/2026 3:02:42 PM"
"scripts\bash\mysql\objects\deploy_objects.sh","589","7/23/2026 3:02:42 PM"
"scripts\bash\mysql\objects\validate_objects.sh","521","7/23/2026 3:02:42 PM"
"scripts\bash\mysql\setup\check_instance.sh","1479","7/23/2026 3:02:42 PM"
"scripts\bash\mysql\setup\configure_global_mysql.sh","1685","7/23/2026 3:02:42 PM"
"scripts\bash\mysql\setup\configure_mysql.sh","526","7/23/2026 3:02:42 PM"
"scripts\bash\mysql\setup\configure_mysql_user.sh","1444","7/27/2026 3:55:01 PM"
"scripts\bash\mysql\setup\create_database.sh","1797","7/23/2026 3:02:42 PM"
"scripts\bash\mysql\setup\deploy_mysql.sh","1154","7/23/2026 3:02:42 PM"
"scripts\bash\mysql\setup\install_mysql.sh","441","7/23/2026 3:02:42 PM"
"scripts\bash\mysql\setup\install_mysql_driver.sh","1211","7/23/2026 3:02:42 PM"
"scripts\bash\mysql\setup\install_python_requirements.sh","494","7/23/2026 3:02:42 PM"
"scripts\bash\mysql\setup\install_tools.sh","642","7/23/2026 3:02:42 PM"
"scripts\bash\mysql\setup\run_liquibase.sh","1458","7/23/2026 3:02:42 PM"
"scripts\bash\mysql\setup\start_mysql.sh","412","7/23/2026 3:02:42 PM"
"scripts\bash\mysql\setup\stop_mysql.sh","0","7/23/2026 3:02:42 PM"
"scripts\bash\mysql\setup\validate_environment.sh","529","7/23/2026 3:02:42 PM"
"scripts\bash\mysql\setup\validate_mysql.sh","810","7/23/2026 3:02:42 PM"
"scripts\bash\mysql\setup\validate_mysql_instance.sh","947","7/23/2026 3:02:42 PM"
"scripts\bash\mysql\setup\validate_port.sh","560","7/23/2026 3:02:42 PM"
"scripts\bash\mysql\setup\validate_python_requirements.sh","523","7/23/2026 3:02:42 PM"
"scripts\bash\mysql\setup\validate_tools.sh","1008","7/23/2026 3:02:42 PM"
"scripts\bash\postgresql\postgresql_load_pipeline.sh","1566","7/23/2026 3:02:42 PM"
"scripts\bash\postgresql\postgresql_setup_pipeline.sh","1063","7/23/2026 3:02:42 PM"
"scripts\bash\postgresql\assessment\run_assessment.sh","205","7/23/2026 3:02:42 PM"
"scripts\bash\postgresql\cleanup\cleanup_postgresql_load_artifacts.sh","4047","7/23/2026 3:02:42 PM"
"scripts\bash\postgresql\cleanup\cleanup_postgresql_xml.sh","3854","7/23/2026 3:02:42 PM"
"scripts\bash\postgresql\cleanup\postgresql_cleanup_pipeline.sh","985","7/26/2026 6:22:32 PM"
"scripts\bash\postgresql\cleanup\remove_postgresql.sh","4861","7/23/2026 3:02:42 PM"
"scripts\bash\postgresql\cleanup\reset_terraform_state.sh","3997","7/23/2026 3:02:42 PM"
"scripts\bash\postgresql\cleanup\stop_postgresql.sh","2277","7/23/2026 3:02:42 PM"
"scripts\bash\postgresql\cleanup\validate_cleanup.sh","5744","7/23/2026 3:02:42 PM"
"scripts\bash\postgresql\load\load_data.sh","1776","7/23/2026 3:02:42 PM"
"scripts\bash\postgresql\load\run_cdc.sh","1208","7/23/2026 3:02:42 PM"
"scripts\bash\postgresql\load\validate_loaded_data.sh","418","7/23/2026 3:02:42 PM"
"scripts\bash\postgresql\objects\deploy_objects.sh","607","7/23/2026 3:02:42 PM"
"scripts\bash\postgresql\objects\validate_objects.sh","536","7/23/2026 3:02:42 PM"
"scripts\bash\postgresql\setup\check_instance.sh","1436","7/23/2026 3:02:42 PM"
"scripts\bash\postgresql\setup\configure_global_psql.sh","1710","7/23/2026 3:02:42 PM"
"scripts\bash\postgresql\setup\configure_postgresql.sh","728","7/23/2026 3:02:42 PM"
"scripts\bash\postgresql\setup\configure_postgresql_user.sh","1703","7/27/2026 4:10:41 PM"
"scripts\bash\postgresql\setup\create_database.sh","337","7/23/2026 3:02:42 PM"
"scripts\bash\postgresql\setup\deploy_postgresql.sh","1283","7/23/2026 3:02:42 PM"
"scripts\bash\postgresql\setup\install_postgresql.sh","1832","7/23/2026 3:02:42 PM"
"scripts\bash\postgresql\setup\install_postgresql_driver.sh","1258","7/23/2026 3:02:42 PM"
"scripts\bash\postgresql\setup\install_python_requirements.sh","499","7/23/2026 3:02:42 PM"
"scripts\bash\postgresql\setup\install_tools.sh","805","7/23/2026 3:02:42 PM"
"scripts\bash\postgresql\setup\run_liquibase.sh","1573","7/23/2026 3:02:42 PM"
"scripts\bash\postgresql\setup\start_postgresql.sh","1311","7/23/2026 3:02:42 PM"
"scripts\bash\postgresql\setup\validate_environment.sh","764","7/23/2026 3:02:42 PM"
"scripts\bash\postgresql\setup\validate_port.sh","449","7/23/2026 3:02:42 PM"
"scripts\bash\postgresql\setup\validate_postgresql.sh","445","7/23/2026 3:02:42 PM"
"scripts\bash\postgresql\setup\validate_postgresql_driver.sh","1293","7/23/2026 3:02:42 PM"
"scripts\bash\postgresql\setup\validate_python_requirements.sh","516","7/23/2026 3:02:42 PM"
"scripts\bash\postgresql\setup\validate_tools.sh","430","7/23/2026 3:02:42 PM"
"scripts\batch\install_python_requirements.bat","1127","7/23/2026 3:02:42 PM"
"scripts\batch\validate_python_requirements.bat","1279","7/23/2026 3:02:43 PM"
"scripts\batch\common\check_admin_privileges.bat","623","7/23/2026 3:02:42 PM"
"scripts\batch\common\discover_java.bat","4455","7/23/2026 3:02:42 PM"
"scripts\batch\common\download_dataset.bat","646","7/23/2026 3:02:42 PM"
"scripts\batch\common\generate_assessment_report.bat","176","7/23/2026 3:02:42 PM"
"scripts\batch\common\install_liquibase.bat","409","7/23/2026 3:02:42 PM"
"scripts\batch\common\install_mssql_driver.bat","398","7/23/2026 3:02:42 PM"
"scripts\batch\common\install_postgresql_driver.bat","268","7/23/2026 3:02:42 PM"
"scripts\batch\common\install_terraform.bat","1200","7/23/2026 3:02:42 PM"
"scripts\batch\common\install_tools.bat","1071","7/23/2026 3:02:42 PM"
"scripts\batch\common\run_cleanup_pipeline.bat","976","7/26/2026 5:24:53 PM"
"scripts\batch\common\setup_liquibase.bat","822","7/23/2026 3:02:42 PM"
"scripts\batch\common\set_project_root.bat","267","7/23/2026 3:02:42 PM"
"scripts\batch\common\tools.bat","801","7/23/2026 3:02:42 PM"
"scripts\batch\common\validate_java_runtime.bat","1576","7/23/2026 3:02:42 PM"
"scripts\batch\common\validate_liquibase.bat","3489","7/27/2026 1:22:43 PM"
"scripts\batch\common\validate_mssql_driver.bat","361","7/23/2026 3:02:42 PM"
"scripts\batch\common\validate_postgresql_driver.bat","286","7/27/2026 1:45:04 AM"
"scripts\batch\common\validate_python_runtime.bat","1099","7/23/2026 3:02:42 PM"
"scripts\batch\common\validate_tools.bat","806","7/23/2026 3:02:42 PM"
"scripts\batch\common\migration\generate_executive_report.bat","948","7/23/2026 3:02:42 PM"
"scripts\batch\common\migration\generate_technical_report.bat","948","7/23/2026 3:02:42 PM"
"scripts\batch\common\migration\run_action_plan.bat","915","7/23/2026 3:02:42 PM"
"scripts\batch\common\migration\run_assessment.bat","915","7/23/2026 3:02:42 PM"
"scripts\batch\common\migration\run_data_profiling.bat","884","7/23/2026 3:02:42 PM"
"scripts\batch\common\migration\run_migration_analysis.bat","3942","7/23/2026 3:02:42 PM"
"scripts\batch\common\migration\run_recommendation.bat","935","7/23/2026 3:02:42 PM"
"scripts\batch\common\migration\run_reconciliation.bat","922","7/23/2026 3:02:42 PM"
"scripts\batch\mongodb\mongodb_load_pipeline.bat","4642","7/26/2026 11:55:28 AM"
"scripts\batch\mongodb\mongodb_setup_pipeline.bat","2561","7/23/2026 3:02:42 PM"
"scripts\batch\mongodb\test_setup.bat","737","7/23/2026 3:02:42 PM"
"scripts\batch\mongodb\assessment\run_assessment.bat","186","7/23/2026 3:02:42 PM"
"scripts\batch\mongodb\cleanup\mongodb_cleanup_pipeline.bat","975","7/26/2026 6:21:11 PM"
"scripts\batch\mongodb\cleanup\remove_mongodb.bat","761","7/23/2026 3:02:42 PM"
"scripts\batch\mongodb\cleanup\reset_terraform_state.bat","689","7/23/2026 3:02:42 PM"
"scripts\batch\mongodb\cleanup\stop_mongodb.bat","661","7/23/2026 3:02:42 PM"
"scripts\batch\mongodb\cleanup\validate_cleanup.bat","776","7/23/2026 3:02:42 PM"
"scripts\batch\mongodb\load\load_data.bat","1584","7/23/2026 3:02:42 PM"
"scripts\batch\mongodb\load\validate_loaded_data.bat","525","7/23/2026 3:02:42 PM"
"scripts\batch\mongodb\setup\check_instance.bat","289","7/26/2026 11:55:28 AM"
"scripts\batch\mongodb\setup\configure_global_mongosh.bat","521","7/23/2026 3:02:42 PM"
"scripts\batch\mongodb\setup\configure_mongodb_service.bat","613","7/23/2026 3:02:42 PM"
"scripts\batch\mongodb\setup\create_collections.bat","188","7/23/2026 3:02:42 PM"
"scripts\batch\mongodb\setup\create_indexes.bat","184","7/23/2026 3:02:42 PM"
"scripts\batch\mongodb\setup\install_python_requirements.bat","1262","7/23/2026 3:02:42 PM"
"scripts\batch\mongodb\setup\install_tools.bat","759","7/23/2026 3:02:42 PM"
"scripts\batch\mongodb\setup\jenkins-cli.jar","11796075","7/26/2026 11:55:28 AM"
"scripts\batch\mongodb\setup\run_terraform.bat","928","7/23/2026 3:02:42 PM"
"scripts\batch\mongodb\setup\start_mongodb.bat","406","7/23/2026 3:02:42 PM"
"scripts\batch\mongodb\setup\validate_environment.bat","1552","7/23/2026 3:02:42 PM"
"scripts\batch\mongodb\setup\validate_mongodb.bat","491","7/23/2026 3:02:42 PM"
"scripts\batch\mongodb\setup\validate_port.bat","422","7/23/2026 3:02:42 PM"
"scripts\batch\mongodb\setup\validate_python_requirements.bat","691","7/23/2026 3:02:42 PM"
"scripts\batch\mongodb\setup\validate_tools.bat","825","7/26/2026 11:55:28 AM"
"scripts\batch\mssql\mssql_load_pipeline.bat","7689","7/26/2026 11:55:28 AM"
"scripts\batch\mssql\mssql_setup_pipeline.bat","3346","7/27/2026 4:12:34 PM"
"scripts\batch\mssql\assessment\run_assessment.bat","184","7/23/2026 3:02:42 PM"
"scripts\batch\mssql\assessment\run_assessment_pipeline.bat","1970","7/26/2026 11:55:28 AM"
"scripts\batch\mssql\cleanup\cleanup_mssql_load_artifacts.bat","523","7/23/2026 3:02:42 PM"
"scripts\batch\mssql\cleanup\cleanup_mssql_xml.bat","511","7/23/2026 3:02:42 PM"
"scripts\batch\mssql\cleanup\drop_mssql_database.bat","217","7/23/2026 3:02:42 PM"
"scripts\batch\mssql\cleanup\mssql_cleanup_pipeline.bat","907","7/26/2026 6:20:38 PM"
"scripts\batch\mssql\cleanup\remove_mssql.bat","492","7/23/2026 3:02:42 PM"
"scripts\batch\mssql\cleanup\reset_terraform_state.bat","515","7/23/2026 3:02:42 PM"
"scripts\batch\mssql\cleanup\stop_mssql.bat","487","7/23/2026 3:02:42 PM"
"scripts\batch\mssql\cleanup\validate_cleanup.bat","507","7/23/2026 3:02:42 PM"
"scripts\batch\mssql\load\database_inventory.bat","184","7/23/2026 3:02:42 PM"
"scripts\batch\mssql\load\load_data.bat","1859","7/23/2026 3:02:42 PM"
"scripts\batch\mssql\load\run_cdc.bat","1311","7/23/2026 3:02:42 PM"
"scripts\batch\mssql\load\sql_agent.bat","178","7/23/2026 3:02:42 PM"
"scripts\batch\mssql\load\table_inventory.bat","181","7/23/2026 3:02:42 PM"
"scripts\batch\mssql\load\validate_csv.bat","196","7/23/2026 3:02:42 PM"
"scripts\batch\mssql\load\validate_loaded_data.bat","494","7/23/2026 3:02:42 PM"
"scripts\batch\mssql\migration\run_migration_pipeline.bat","4323","7/26/2026 11:55:28 AM"
"scripts\batch\mssql\objects\deploy_objects.bat","1486","7/23/2026 3:02:42 PM"
"scripts\batch\mssql\objects\validate_objects.bat","697","7/23/2026 3:02:42 PM"
"scripts\batch\mssql\setup\check_instance.bat","258","7/23/2026 3:02:42 PM"
"scripts\batch\mssql\setup\configure_mssql.bat","460","7/23/2026 3:02:42 PM"
"scripts\batch\mssql\setup\configure_mssql_user.bat","562","7/27/2026 4:30:39 PM"
"scripts\batch\mssql\setup\create_database.bat","440","7/23/2026 3:02:42 PM"
"scripts\batch\mssql\setup\deploy_mssql.bat","571","7/23/2026 3:02:42 PM"
"scripts\batch\mssql\setup\deploy_mssql_gdrive.bat","1642","7/23/2026 3:02:42 PM"
"scripts\batch\mssql\setup\download_mssql.bat","449","7/23/2026 3:02:42 PM"
"scripts\batch\mssql\setup\download_mssql_media.bat","702","7/23/2026 3:02:42 PM"
"scripts\batch\mssql\setup\generate_configuration_file.bat","501","7/23/2026 3:02:42 PM"
"scripts\batch\mssql\setup\install_mssql.bat","455","7/23/2026 3:02:42 PM"
"scripts\batch\mssql\setup\install_mssql_driver.bat","443","7/23/2026 3:02:42 PM"
"scripts\batch\mssql\setup\install_mssql_gdrive.bat","673","7/23/2026 3:02:42 PM"
"scripts\batch\mssql\setup\install_python_requirements.bat","1260","7/23/2026 3:02:42 PM"
"scripts\batch\mssql\setup\install_sqlcmd.bat","500","7/23/2026 3:02:42 PM"
"scripts\batch\mssql\setup\install_tools.bat","1992","7/23/2026 3:02:42 PM"
"scripts\batch\mssql\setup\prepare_mssql_media.bat","495","7/23/2026 3:02:42 PM"
"scripts\batch\mssql\setup\run_liquibase.bat","3351","7/23/2026 3:02:42 PM"
"scripts\batch\mssql\setup\start_mssql.bat","437","7/23/2026 3:02:42 PM"
"scripts\batch\mssql\setup\validate_environment.bat","1326","7/23/2026 3:02:42 PM"
"scripts\batch\mssql\setup\validate_liquibase.bat","2654","7/23/2026 3:02:42 PM"
"scripts\batch\mssql\setup\validate_mssql.bat","452","7/23/2026 3:02:42 PM"
"scripts\batch\mssql\setup\validate_mssql_driver.bat","1761","7/23/2026 3:02:42 PM"
"scripts\batch\mssql\setup\validate_port.bat","416","7/23/2026 3:02:42 PM"
"scripts\batch\mssql\setup\validate_python_requirements.bat","1614","7/23/2026 3:02:42 PM"
"scripts\batch\mssql\setup\validate_sqlcmd.bat","501","7/23/2026 3:02:42 PM"
"scripts\batch\mssql\setup\validate_tools.bat","1454","7/23/2026 3:02:42 PM"
"scripts\batch\mysql\destroy_mysql.bat","416","7/23/2026 3:02:42 PM"
"scripts\batch\mysql\initialize_logs.bat","207","7/23/2026 3:02:42 PM"
"scripts\batch\mysql\mysql_load_pipeline.bat","5128","7/27/2026 11:05:08 AM"
"scripts\batch\mysql\mysql_load_with_logging.bat","708","7/23/2026 3:02:42 PM"
"scripts\batch\mysql\mysql_setup_pipeline.bat","3927","7/27/2026 4:11:51 PM"
"scripts\batch\mysql\mysql_setup_with_logging.bat","558","7/23/2026 3:02:42 PM"
"scripts\batch\mysql\stop_mysql.bat","339","7/23/2026 3:02:42 PM"
"scripts\batch\mysql\assessment\run_assessment.bat","184","7/23/2026 3:02:42 PM"
"scripts\batch\mysql\cleanup\cleanup_mysql.bat","871","7/26/2026 6:20:20 PM"
"scripts\batch\mysql\cleanup\cleanup_mysql_data.bat","284","7/23/2026 3:02:42 PM"
"scripts\batch\mysql\cleanup\cleanup_mysql_load_artifacts.bat","315","7/23/2026 3:02:42 PM"
"scripts\batch\mysql\cleanup\cleanup_mysql_xml.bat","303","7/23/2026 3:02:42 PM"
"scripts\batch\mysql\cleanup\mysql_cleanup_pipeline.bat","888","7/27/2026 2:10:10 PM"
"scripts\batch\mysql\cleanup\remove_mysql_deployment.bat","295","7/23/2026 3:02:42 PM"
"scripts\batch\mysql\cleanup\reset_mysql_terraform_state.bat","302","7/23/2026 3:02:42 PM"
"scripts\batch\mysql\cleanup\stop_mysql.bat","268","7/23/2026 3:02:42 PM"
"scripts\batch\mysql\cleanup\validate_cleanup.bat","288","7/23/2026 3:02:42 PM"
"scripts\batch\mysql\load\deploy_schema.bat","1325","7/23/2026 3:02:42 PM"
"scripts\batch\mysql\load\load_data.bat","1913","7/26/2026 11:55:45 AM"
"scripts\batch\mysql\load\run_cdc.bat","1318","7/23/2026 3:02:42 PM"
"scripts\batch\mysql\load\validate_csv.bat","562","7/23/2026 3:02:42 PM"
"scripts\batch\mysql\load\validate_database.bat","436","7/23/2026 3:02:42 PM"
"scripts\batch\mysql\load\validate_loaded_data.bat","325","7/23/2026 3:02:42 PM"
"scripts\batch\mysql\load\validate_schema.bat","428","7/23/2026 3:02:42 PM"
"scripts\batch\mysql\load\validate_source.bat","317","7/23/2026 3:02:42 PM"
"scripts\batch\mysql\objects\deploy_objects.bat","1486","7/23/2026 3:02:42 PM"
"scripts\batch\mysql\objects\validate_objects.bat","636","7/23/2026 3:02:42 PM"
"scripts\batch\mysql\setup\check_instance.bat","258","7/23/2026 3:02:42 PM"
"scripts\batch\mysql\setup\configure_global_mysql.bat","511","7/23/2026 3:02:42 PM"
"scripts\batch\mysql\setup\configure_mysql_service.bat","603","7/23/2026 3:02:42 PM"
"scripts\batch\mysql\setup\configure_mysql_user.bat","562","7/27/2026 4:30:39 PM"
"scripts\batch\mysql\setup\create_database.bat","2723","7/27/2026 10:57:30 AM"
"scripts\batch\mysql\setup\deploy_mysql.bat","1409","7/23/2026 3:02:42 PM"
"scripts\batch\mysql\setup\install_mysql_driver.bat","418","7/23/2026 3:02:42 PM"
"scripts\batch\mysql\setup\install_python_requirements.bat","1260","7/23/2026 3:02:42 PM"
"scripts\batch\mysql\setup\install_tools.bat","1706","7/23/2026 3:02:42 PM"
"scripts\batch\mysql\setup\run_liquibase.bat","3214","7/23/2026 3:02:42 PM"
"scripts\batch\mysql\setup\start_mysql.bat","409","7/23/2026 3:02:42 PM"
"scripts\batch\mysql\setup\validate_environment.bat","1328","7/23/2026 3:02:42 PM"
"scripts\batch\mysql\setup\validate_liquibase.bat","2374","7/23/2026 3:02:42 PM"
"scripts\batch\mysql\setup\validate_mysql.bat","556","7/23/2026 3:02:42 PM"
"scripts\batch\mysql\setup\validate_mysql_driver.bat","1755","7/23/2026 3:02:42 PM"
"scripts\batch\mysql\setup\validate_port.bat","416","7/23/2026 3:02:42 PM"
"scripts\batch\mysql\setup\validate_python_requirements.bat","1655","7/23/2026 3:02:42 PM"
"scripts\batch\mysql\setup\validate_tools.bat","1721","7/23/2026 3:02:42 PM"
"scripts\batch\postgresql\postgresql_load_pipeline.bat","5192","7/23/2026 3:02:43 PM"
"scripts\batch\postgresql\postgresql_setup_pipeline.bat","3675","7/27/2026 4:12:12 PM"
"scripts\batch\postgresql\assessment\run_assessment.bat","189","7/23/2026 3:02:42 PM"
"scripts\batch\postgresql\assessment\run_assessment_pipeline.bat","1980","7/23/2026 3:02:42 PM"
"scripts\batch\postgresql\cleanup\cleanup_postgresql_load_artifacts.ps1","4464","7/23/2026 3:02:42 PM"
"scripts\batch\postgresql\cleanup\cleanup_postgresql_xml.ps1","3611","7/23/2026 3:02:42 PM"
"scripts\batch\postgresql\cleanup\postgresql_cleanup_pipeline.bat","935","7/26/2026 6:20:55 PM"
"scripts\batch\postgresql\cleanup\remove_postgresql.ps1","5162","7/23/2026 3:02:42 PM"
"scripts\batch\postgresql\cleanup\reset_terraform_state.ps1","4576","7/23/2026 3:02:42 PM"
"scripts\batch\postgresql\cleanup\stop_postgresql.ps1","5389","7/23/2026 3:02:42 PM"
"scripts\batch\postgresql\cleanup\validate_cleanup.ps1","4027","7/23/2026 3:02:42 PM"
"scripts\batch\postgresql\load\load_data.bat","1917","7/23/2026 3:02:42 PM"
"scripts\batch\postgresql\load\run_cdc.bat","1321","7/23/2026 3:02:42 PM"
"scripts\batch\postgresql\load\validate_loaded_data.bat","532","7/23/2026 3:02:42 PM"
"scripts\batch\postgresql\migration\run_migration_pipeline.bat","4363","7/23/2026 3:02:42 PM"
"scripts\batch\postgresql\objects\deploy_objects.bat","1509","7/23/2026 3:02:42 PM"
"scripts\batch\postgresql\objects\validate_objects.bat","662","7/23/2026 3:02:43 PM"
"scripts\batch\postgresql\setup\check_instance.bat","263","7/23/2026 3:02:43 PM"
"scripts\batch\postgresql\setup\configure_global_psql.bat","598","7/23/2026 3:02:43 PM"
"scripts\batch\postgresql\setup\configure_postgresql_service.bat","628","7/23/2026 3:02:43 PM"
"scripts\batch\postgresql\setup\configure_postgresql_user.bat","587","7/27/2026 4:30:39 PM"
"scripts\batch\postgresql\setup\create_database.bat","407","7/23/2026 3:02:43 PM"
"scripts\batch\postgresql\setup\deploy_postgresql.bat","2172","7/23/2026 3:02:43 PM"
"scripts\batch\postgresql\setup\install_postgresql_driver.bat","468","7/23/2026 3:02:43 PM"
"scripts\batch\postgresql\setup\install_python_requirements.bat","1265","7/23/2026 3:02:43 PM"
"scripts\batch\postgresql\setup\install_tools.bat","1746","7/23/2026 3:02:43 PM"
"scripts\batch\postgresql\setup\run_liquibase.bat","5525","7/27/2026 1:28:41 PM"
"scripts\batch\postgresql\setup\run_terraform.bat","770","7/23/2026 3:02:43 PM"
"scripts\batch\postgresql\setup\start_postgresql.bat","1188","7/23/2026 3:02:43 PM"
"scripts\batch\postgresql\setup\validate_environment.bat","895","7/23/2026 3:02:43 PM"
"scripts\batch\postgresql\setup\validate_port.bat","531","7/23/2026 3:02:43 PM"
"scripts\batch\postgresql\setup\validate_postgresql.bat","570","7/23/2026 3:02:43 PM"
"scripts\batch\postgresql\setup\validate_postgresql_driver.bat","1775","7/23/2026 3:02:43 PM"
"scripts\batch\postgresql\setup\validate_python_requirements.bat","1620","7/23/2026 3:02:43 PM"
"scripts\batch\postgresql\setup\validate_tools.bat","1068","7/27/2026 1:22:51 PM"
"scripts\cdc\cdc_engine.py","1033","7/23/2026 3:02:43 PM"
"scripts\cdc\change_detector.py","1872","7/23/2026 3:02:43 PM"
"scripts\cdc\checksum_generator.py","1788","7/23/2026 3:02:43 PM"
"scripts\cdc\metadata_manager.py","1723","7/23/2026 3:02:43 PM"
"scripts\cdc\__pycache__\metadata_manager.cpython-312.pyc","2491","7/27/2026 11:06:59 AM"
"scripts\discovery\discovery_adapter.py","0","7/23/2026 3:02:43 PM"
"scripts\discovery\discovery_engine.py","14517","7/23/2026 3:02:43 PM"
"scripts\discovery\growth_analyzer.py","16710","7/23/2026 3:02:43 PM"
"scripts\discovery\requirement_analyzer.py","9365","7/23/2026 3:02:43 PM"
"scripts\discovery\__init__.py","0","7/23/2026 3:02:43 PM"
"scripts\governance\action_plan_engine.py","11992","7/23/2026 3:02:43 PM"
"scripts\governance\__init__.py","0","7/23/2026 3:02:43 PM"
"scripts\logging\logger.py","9961","7/23/2026 3:02:43 PM"
"scripts\powershell\download_liquibase.ps1","1760","7/26/2026 11:55:28 AM"
"scripts\powershell\download_mssql_driver.ps1","1396","7/23/2026 3:02:43 PM"
"scripts\powershell\download_postgresql_driver copy.ps1","2196","7/23/2026 3:02:43 PM"
"scripts\powershell\get_service_info.ps1","416","7/26/2026 11:55:28 AM"
"scripts\powershell\install_mssql.ps1","1629","7/23/2026 3:02:43 PM"
"scripts\powershell\stop_mysql.ps1","1093","7/23/2026 3:02:43 PM"
"scripts\powershell\common\download_dataset.ps1","1015","7/23/2026 3:02:43 PM"
"scripts\powershell\common\load_config.ps1","623","7/26/2026 11:48:23 PM"
"scripts\powershell\common\Run-CleanupPipeline.ps1","4629","7/27/2026 12:00:57 AM"
"scripts\powershell\mongodb\configure_global_mongosh.ps1","2894","7/23/2026 3:02:43 PM"
"scripts\powershell\mongodb\configure_mongodb_service.ps1","10401","7/23/2026 3:02:43 PM"
"scripts\powershell\mongodb\install_windows.ps1","309","7/23/2026 3:02:43 PM"
"scripts\powershell\mongodb\start_mongodb.ps1","9974","7/26/2026 11:55:28 AM"
"scripts\powershell\mongodb\stop_mongodb.ps1","286","7/23/2026 3:02:43 PM"
"scripts\powershell\mongodb\cleanup\cleanup_mongodb_load_artifacts.ps1","4251","7/27/2026 12:33:43 AM"
"scripts\powershell\mongodb\cleanup\remove_mongodb.ps1","11049","7/27/2026 11:23:13 AM"
"scripts\powershell\mongodb\cleanup\reset_terraform_state.ps1","3868","7/23/2026 3:02:43 PM"
"scripts\powershell\mongodb\cleanup\stop_mongodb.ps1","7047","7/23/2026 3:02:43 PM"
"scripts\powershell\mongodb\cleanup\validate_cleanup.ps1","9218","7/27/2026 11:24:13 AM"
"scripts\powershell\mongodb\setup\download_mongodb.ps1","4552","7/23/2026 3:02:43 PM"
"scripts\powershell\mssql\configure_mssql.ps1","17140","7/23/2026 3:02:43 PM"
"scripts\powershell\mssql\create_database.ps1","4647","7/23/2026 3:02:43 PM"
"scripts\powershell\mssql\download_media.ps1","1059","7/23/2026 3:02:43 PM"
"scripts\powershell\mssql\download_mssql.ps1","2200","7/23/2026 3:02:43 PM"
"scripts\powershell\mssql\download_mssql_driver.ps1","2504","7/23/2026 3:02:43 PM"
"scripts\powershell\mssql\ensure_mssql_ready.ps1","2457","7/23/2026 3:02:43 PM"
"scripts\powershell\mssql\generate_configuration_file.ps1","3878","7/23/2026 3:02:43 PM"
"scripts\powershell\mssql\install_mssql.ps1","5120","7/23/2026 3:02:43 PM"
"scripts\powershell\mssql\prepare_mssql_media.ps1","2710","7/23/2026 3:02:43 PM"
"scripts\powershell\mssql\start_mssql.ps1","358","7/23/2026 3:02:43 PM"
"scripts\powershell\mssql\validate_mssql.ps1","3298","7/23/2026 3:02:43 PM"
"scripts\powershell\mssql\cleanup\cleanup_mssql_load_artifacts.ps1","4812","7/23/2026 3:02:43 PM"
"scripts\powershell\mssql\cleanup\cleanup_mssql_xml.ps1","3573","7/23/2026 3:02:43 PM"
"scripts\powershell\mssql\cleanup\drop_mssql_database.ps1","2381","7/23/2026 3:02:43 PM"
"scripts\powershell\mssql\cleanup\remove_mssql.ps1","6910","7/23/2026 3:02:43 PM"
"scripts\powershell\mssql\cleanup\reset_terraform_state.ps1","4997","7/23/2026 3:02:43 PM"
"scripts\powershell\mssql\cleanup\stop_mssql.ps1","3703","7/27/2026 11:29:26 AM"
"scripts\powershell\mssql\cleanup\validate_cleanup.ps1","5639","7/27/2026 11:31:26 AM"
"scripts\powershell\mssql\setup\configure_mssql_user.ps1","2503","7/27/2026 4:32:38 PM"
"scripts\powershell\mysql\configure_global_mysql.ps1","3077","7/26/2026 11:55:45 AM"
"scripts\powershell\mysql\configure_mysql_service.ps1","9868","7/23/2026 3:02:43 PM"
"scripts\powershell\mysql\download_mysql_driver.ps1","2491","7/23/2026 3:02:43 PM"
"scripts\powershell\mysql\start_mysql.ps1","3710","7/27/2026 5:52:04 AM"
"scripts\powershell\mysql\cleanup\cleanup_mysql.ps1","5079","7/23/2026 3:02:43 PM"
"scripts\powershell\mysql\cleanup\cleanup_mysql_data.ps1","2519","7/23/2026 3:02:43 PM"
"scripts\powershell\mysql\cleanup\cleanup_mysql_load_artifacts.ps1","4368","7/23/2026 3:02:43 PM"
"scripts\powershell\mysql\cleanup\cleanup_mysql_xml.ps1","3027","7/23/2026 3:02:43 PM"
"scripts\powershell\mysql\cleanup\remove_mysql_deployment.ps1","1671","7/23/2026 3:02:43 PM"
"scripts\powershell\mysql\cleanup\reset_mysql_terraform_state.ps1","4664","7/27/2026 11:12:23 AM"
"scripts\powershell\mysql\cleanup\stop_mysql.ps1","1832","7/23/2026 3:02:43 PM"
"scripts\powershell\mysql\cleanup\validate_cleanup.ps1","3019","7/27/2026 11:13:36 AM"
"scripts\powershell\mysql\setup\configure_mysql_user.ps1","3339","7/27/2026 4:32:38 PM"
"scripts\powershell\postgresql\configure_global_psql.ps1","4943","7/23/2026 3:02:43 PM"
"scripts\powershell\postgresql\configure_postgresql_service.ps1","6781","7/23/2026 3:02:43 PM"
"scripts\powershell\postgresql\download_postgresql_driver.ps1","2482","7/23/2026 3:02:43 PM"
"scripts\powershell\postgresql\install_windows.ps1","8861","7/23/2026 3:02:43 PM"
"scripts\powershell\postgresql\remove_postgresql.ps1","1059","7/23/2026 3:02:43 PM"
"scripts\powershell\postgresql\start_postgresql.ps1","14724","7/28/2026 12:18:28 PM"
"scripts\powershell\postgresql\validate_postgresql.ps1","4686","7/23/2026 3:02:43 PM"
"scripts\powershell\postgresql\cleanup\cleanup_postgresql_load_artifacts.ps1","4464","7/23/2026 3:02:43 PM"
"scripts\powershell\postgresql\cleanup\cleanup_postgresql_xml.ps1","3611","7/23/2026 3:02:43 PM"
"scripts\powershell\postgresql\cleanup\remove_postgresql.ps1","5162","7/23/2026 3:02:43 PM"
"scripts\powershell\postgresql\cleanup\reset_terraform_state.ps1","4576","7/23/2026 3:02:43 PM"
"scripts\powershell\postgresql\cleanup\stop_postgresql.ps1","5389","7/23/2026 3:02:43 PM"
"scripts\powershell\postgresql\cleanup\validate_cleanup.ps1","4027","7/23/2026 3:02:43 PM"
"scripts\powershell\postgresql\setup\configure_postgresql_user.ps1","4063","7/27/2026 4:32:38 PM"
"scripts\profiling\data_profiler.py","12870","7/23/2026 3:02:43 PM"
"scripts\profiling\profiling_metrics.py","20304","7/23/2026 3:02:43 PM"
"scripts\profiling\__init__.py","0","7/23/2026 3:02:43 PM"
"scripts\profiling\__pycache__\data_profiler.cpython-312.pyc","14387","7/27/2026 1:45:12 PM"
"scripts\profiling\__pycache__\profiling_metrics.cpython-312.pyc","13231","7/27/2026 1:44:39 PM"
"scripts\profiling\__pycache__\__init__.cpython-312.pyc","184","7/27/2026 1:44:39 PM"
"scripts\python\common\assessment.py","9154","7/23/2026 3:02:43 PM"
"scripts\python\common\assessment_report.py","2327","7/23/2026 3:02:43 PM"
"scripts\python\common\config_loader.py","1145","7/28/2026 2:10:16 PM"
"scripts\python\common\dataset_state.py","2894","7/23/2026 3:02:43 PM"
"scripts\python\common\download_dataset.py","3172","7/23/2026 3:02:43 PM"
"scripts\python\common\extract_dataset.py","6306","7/23/2026 3:02:43 PM"
"scripts\python\common\schema_detector.py","5379","7/23/2026 3:02:43 PM"
"scripts\python\common\objects\bootstrap_generator.py","9525","7/23/2026 3:02:43 PM"
"scripts\python\common\objects\database_capabilities.py","1321","7/23/2026 3:02:43 PM"
"scripts\python\common\objects\deploy_objects.py","3071","7/23/2026 3:02:43 PM"
"scripts\python\common\objects\generate_liquibase_objects.py","2238","7/23/2026 3:02:43 PM"
"scripts\python\common\objects\generate_master_objects.py","2589","7/23/2026 3:02:43 PM"
"scripts\python\common\objects\object_detector.py","978","7/23/2026 3:02:43 PM"
"scripts\python\common\objects\object_registry.py","843","7/23/2026 3:02:43 PM"
"scripts\python\common\objects\object_utils.py","1065","7/23/2026 3:02:43 PM"
"scripts\python\common\objects\template_loader.py","1326","7/23/2026 3:02:43 PM"
"scripts\python\common\objects\validate_objects.py","10438","7/23/2026 3:02:43 PM"
"scripts\python\common\objects\generators\generate_events.py","1473","7/23/2026 3:02:43 PM"
"scripts\python\common\objects\generators\generate_extensions.py","1847","7/23/2026 3:02:43 PM"
"scripts\python\common\objects\generators\generate_functions.py","1443","7/23/2026 3:02:43 PM"
"scripts\python\common\objects\generators\generate_indexes.py","1842","7/23/2026 3:02:43 PM"
"scripts\python\common\objects\generators\generate_materialized_views.py","2615","7/23/2026 3:02:43 PM"
"scripts\python\common\objects\generators\generate_procedures.py","1608","7/23/2026 3:02:43 PM"
"scripts\python\common\objects\generators\generate_triggers.py","2544","7/23/2026 3:02:43 PM"
"scripts\python\common\objects\generators\generate_views.py","1779","7/23/2026 3:02:43 PM"
"scripts\python\common\objects\generators\__pycache__\generate_events.cpython-312.pyc","2163","7/27/2026 11:07:19 AM"
"scripts\python\common\objects\generators\__pycache__\generate_extensions.cpython-312.pyc","2233","7/27/2026 11:07:20 AM"
"scripts\python\common\objects\generators\__pycache__\generate_functions.cpython-312.pyc","2169","7/27/2026 11:07:19 AM"
"scripts\python\common\objects\generators\__pycache__\generate_indexes.cpython-312.pyc","2604","7/27/2026 11:07:19 AM"
"scripts\python\common\objects\generators\__pycache__\generate_materialized_views.cpython-312.pyc","3402","7/27/2026 11:07:20 AM"
"scripts\python\common\objects\generators\__pycache__\generate_procedures.cpython-312.pyc","2286","7/27/2026 11:07:19 AM"
"scripts\python\common\objects\generators\__pycache__\generate_triggers.cpython-312.pyc","3215","7/27/2026 11:07:19 AM"
"scripts\python\common\objects\generators\__pycache__\generate_views.cpython-312.pyc","2596","7/27/2026 11:07:19 AM"
"scripts\python\common\objects\templates\mssql\function_template.py","488","7/23/2026 3:02:43 PM"
"scripts\python\common\objects\templates\mssql\index_template.py","656","7/23/2026 3:02:43 PM"
"scripts\python\common\objects\templates\mssql\liquibase_function_template.py","626","7/23/2026 3:02:43 PM"
"scripts\python\common\objects\templates\mssql\liquibase_index_template.py","623","7/23/2026 3:02:43 PM"
"scripts\python\common\objects\templates\mssql\liquibase_master_template.py","501","7/23/2026 3:02:43 PM"
"scripts\python\common\objects\templates\mssql\liquibase_procedure_template.py","627","7/23/2026 3:02:43 PM"
"scripts\python\common\objects\templates\mssql\liquibase_trigger_template.py","625","7/23/2026 3:02:43 PM"
"scripts\python\common\objects\templates\mssql\liquibase_view_template.py","622","7/23/2026 3:02:43 PM"
"scripts\python\common\objects\templates\mssql\procedure_template.py","382","7/23/2026 3:02:43 PM"
"scripts\python\common\objects\templates\mssql\trigger_template.py","589","7/23/2026 3:02:43 PM"
"scripts\python\common\objects\templates\mssql\view_template.py","404","7/23/2026 3:02:43 PM"
"scripts\python\common\objects\templates\mysql\event_template.py","134","7/23/2026 3:02:43 PM"
"scripts\python\common\objects\templates\mysql\function_template.py","185","7/23/2026 3:02:43 PM"
"scripts\python\common\objects\templates\mysql\index_template.py","94","7/23/2026 3:02:43 PM"
"scripts\python\common\objects\templates\mysql\liquibase_event_template.py","641","7/23/2026 3:02:43 PM"
"scripts\python\common\objects\templates\mysql\liquibase_function_template.py","644","7/23/2026 3:02:43 PM"
"scripts\python\common\objects\templates\mysql\liquibase_index_template.py","641","7/23/2026 3:02:43 PM"
"scripts\python\common\objects\templates\mysql\liquibase_master_template.py","499","7/23/2026 3:02:43 PM"
"scripts\python\common\objects\templates\mysql\liquibase_procedure_template.py","645","7/23/2026 3:02:43 PM"
"scripts\python\common\objects\templates\mysql\liquibase_trigger_template.py","645","7/23/2026 3:02:43 PM"
"scripts\python\common\objects\templates\mysql\liquibase_view_template.py","632","7/23/2026 3:02:43 PM"
"scripts\python\common\objects\templates\mysql\procedure_template.py","143","7/23/2026 3:02:43 PM"
"scripts\python\common\objects\templates\mysql\trigger_template.py","157","7/23/2026 3:02:43 PM"
"scripts\python\common\objects\templates\mysql\view_template.py","133","7/23/2026 3:02:43 PM"
"scripts\python\common\objects\templates\mysql\__pycache__\event_template.cpython-312.pyc","388","7/27/2026 11:07:22 AM"
"scripts\python\common\objects\templates\mysql\__pycache__\function_template.cpython-312.pyc","438","7/27/2026 11:07:22 AM"
"scripts\python\common\objects\templates\mysql\__pycache__\index_template.cpython-312.pyc","348","7/27/2026 11:07:22 AM"
"scripts\python\common\objects\templates\mysql\__pycache__\liquibase_event_template.cpython-312.pyc","856","7/27/2026 11:07:22 AM"
"scripts\python\common\objects\templates\mysql\__pycache__\liquibase_function_template.cpython-312.pyc","862","7/27/2026 11:07:22 AM"
"scripts\python\common\objects\templates\mysql\__pycache__\liquibase_index_template.cpython-312.pyc","856","7/27/2026 11:07:22 AM"
"scripts\python\common\objects\templates\mysql\__pycache__\liquibase_master_template.cpython-312.pyc","720","7/27/2026 11:07:22 AM"
"scripts\python\common\objects\templates\mysql\__pycache__\liquibase_procedure_template.cpython-312.pyc","864","7/27/2026 11:07:22 AM"
"scripts\python\common\objects\templates\mysql\__pycache__\liquibase_trigger_template.cpython-312.pyc","861","7/27/2026 11:07:22 AM"
"scripts\python\common\objects\templates\mysql\__pycache__\liquibase_view_template.cpython-312.pyc","846","7/27/2026 11:07:22 AM"
"scripts\python\common\objects\templates\mysql\__pycache__\procedure_template.cpython-312.pyc","400","7/27/2026 11:07:22 AM"
"scripts\python\common\objects\templates\mysql\__pycache__\trigger_template.cpython-312.pyc","411","7/27/2026 11:07:22 AM"
"scripts\python\common\objects\templates\mysql\__pycache__\view_template.cpython-312.pyc","382","7/27/2026 11:07:22 AM"
"scripts\python\common\objects\templates\postgresql\extension_template.py","365","7/23/2026 3:02:43 PM"
"scripts\python\common\objects\templates\postgresql\function_template.py","490","7/23/2026 3:02:43 PM"
"scripts\python\common\objects\templates\postgresql\index_template.py","279","7/23/2026 3:02:43 PM"
"scripts\python\common\objects\templates\postgresql\liquibase_extension_template.py","627","7/23/2026 3:02:43 PM"
"scripts\python\common\objects\templates\postgresql\liquibase_function_template.py","626","7/23/2026 3:02:43 PM"
"scripts\python\common\objects\templates\postgresql\liquibase_index_template.py","623","7/23/2026 3:02:43 PM"
"scripts\python\common\objects\templates\postgresql\liquibase_master_template.py","501","7/23/2026 3:02:43 PM"
"scripts\python\common\objects\templates\postgresql\liquibase_materialized_view_template.py","635","7/23/2026 3:02:43 PM"
"scripts\python\common\objects\templates\postgresql\liquibase_procedure_template.py","627","7/23/2026 3:02:43 PM"
"scripts\python\common\objects\templates\postgresql\liquibase_trigger_template.py","625","7/23/2026 3:02:43 PM"
"scripts\python\common\objects\templates\postgresql\liquibase_view_template.py","622","7/23/2026 3:02:43 PM"
"scripts\python\common\objects\templates\postgresql\materialized_view_template.py","484","7/23/2026 3:02:43 PM"
"scripts\python\common\objects\templates\postgresql\procedure_template.py","636","7/23/2026 3:02:43 PM"
"scripts\python\common\objects\templates\postgresql\trigger_template.py","744","7/23/2026 3:02:43 PM"
"scripts\python\common\objects\templates\postgresql\view_template.py","263","7/23/2026 3:02:43 PM"
"scripts\python\common\objects\templates\postgresql\__pycache__\extension_template.cpython-312.pyc","354","7/27/2026 1:44:58 PM"
"scripts\python\common\objects\templates\postgresql\__pycache__\function_template.cpython-312.pyc","481","7/27/2026 1:44:58 PM"
"scripts\python\common\objects\templates\postgresql\__pycache__\index_template.cpython-312.pyc","367","7/27/2026 1:44:58 PM"
"scripts\python\common\objects\templates\postgresql\__pycache__\liquibase_extension_template.cpython-312.pyc","849","7/27/2026 1:44:58 PM"
"scripts\python\common\objects\templates\postgresql\__pycache__\liquibase_function_template.cpython-312.pyc","847","7/27/2026 1:44:58 PM"
"scripts\python\common\objects\templates\postgresql\__pycache__\liquibase_index_template.cpython-312.pyc","841","7/27/2026 1:44:58 PM"
"scripts\python\common\objects\templates\postgresql\__pycache__\liquibase_master_template.cpython-312.pyc","725","7/27/2026 1:44:58 PM"
"scripts\python\common\objects\templates\postgresql\__pycache__\liquibase_materialized_view_template.cpython-312.pyc","865","7/27/2026 1:44:58 PM"
"scripts\python\common\objects\templates\postgresql\__pycache__\liquibase_procedure_template.cpython-312.pyc","849","7/27/2026 1:44:58 PM"
"scripts\python\common\objects\templates\postgresql\__pycache__\liquibase_trigger_template.cpython-312.pyc","845","7/27/2026 1:44:58 PM"
"scripts\python\common\objects\templates\postgresql\__pycache__\liquibase_view_template.cpython-312.pyc","839","7/27/2026 1:44:58 PM"
"scripts\python\common\objects\templates\postgresql\__pycache__\materialized_view_template.cpython-312.pyc","428","7/27/2026 1:44:58 PM"
"scripts\python\common\objects\templates\postgresql\__pycache__\procedure_template.cpython-312.pyc","548","7/27/2026 1:44:58 PM"
"scripts\python\common\objects\templates\postgresql\__pycache__\trigger_template.cpython-312.pyc","618","7/27/2026 1:44:58 PM"
"scripts\python\common\objects\templates\postgresql\__pycache__\view_template.cpython-312.pyc","387","7/27/2026 1:44:58 PM"
"scripts\python\common\objects\validators\mssql_validator.py","3409","7/23/2026 3:02:43 PM"
"scripts\python\common\objects\validators\mysql_validator.py","2910","7/23/2026 3:02:43 PM"
"scripts\python\common\objects\validators\postgresql_validator.py","4022","7/23/2026 3:02:43 PM"
"scripts\python\common\objects\validators\__pycache__\mysql_validator.cpython-312.pyc","4305","7/27/2026 11:07:42 AM"
"scripts\python\common\objects\validators\__pycache__\postgresql_validator.cpython-312.pyc","5728","7/27/2026 1:45:10 PM"
"scripts\python\common\objects\xml_generators\generate_custom_xml.py","3211","7/23/2026 3:02:43 PM"
"scripts\python\common\objects\xml_generators\generate_event_xml.py","904","7/23/2026 3:02:43 PM"
"scripts\python\common\objects\xml_generators\generate_extension_xml.py","946","7/23/2026 3:02:43 PM"
"scripts\python\common\objects\xml_generators\generate_function_xml.py","913","7/23/2026 3:02:43 PM"
"scripts\python\common\objects\xml_generators\generate_index_xml.py","905","7/23/2026 3:02:43 PM"
"scripts\python\common\objects\xml_generators\generate_materialized_view_xml.py","978","7/23/2026 3:02:43 PM"
"scripts\python\common\objects\xml_generators\generate_procedure_xml.py","916","7/23/2026 3:02:43 PM"
"scripts\python\common\objects\xml_generators\generate_trigger_xml.py","910","7/23/2026 3:02:43 PM"
"scripts\python\common\objects\xml_generators\generate_view_xml.py","901","7/23/2026 3:02:43 PM"
"scripts\python\common\objects\xml_generators\xml_generator_base.py","3059","7/23/2026 3:02:43 PM"
"scripts\python\common\objects\xml_generators\__pycache__\generate_custom_xml.cpython-312.pyc","2527","7/27/2026 11:07:19 AM"
"scripts\python\common\objects\xml_generators\__pycache__\generate_event_xml.cpython-312.pyc","1464","7/27/2026 11:07:19 AM"
"scripts\python\common\objects\xml_generators\__pycache__\generate_extension_xml.cpython-312.pyc","1548","7/27/2026 11:07:19 AM"
"scripts\python\common\objects\xml_generators\__pycache__\generate_function_xml.cpython-312.pyc","1476","7/27/2026 11:07:19 AM"
"scripts\python\common\objects\xml_generators\__pycache__\generate_index_xml.cpython-312.pyc","1465","7/27/2026 11:07:19 AM"
"scripts\python\common\objects\xml_generators\__pycache__\generate_materialized_view_xml.cpython-312.pyc","1588","7/27/2026 11:07:19 AM"
"scripts\python\common\objects\xml_generators\__pycache__\generate_procedure_xml.cpython-312.pyc","1480","7/27/2026 11:07:19 AM"
"scripts\python\common\objects\xml_generators\__pycache__\generate_trigger_xml.cpython-312.pyc","1472","7/27/2026 11:07:19 AM"
"scripts\python\common\objects\xml_generators\__pycache__\generate_view_xml.cpython-312.pyc","1460","7/27/2026 11:07:18 AM"
"scripts\python\common\objects\xml_generators\__pycache__\xml_generator_base.cpython-312.pyc","2833","7/27/2026 11:07:18 AM"
"scripts\python\common\objects\__pycache__\database_capabilities.cpython-312.pyc","2292","7/27/2026 11:07:18 AM"
"scripts\python\common\objects\__pycache__\generate_liquibase_objects.cpython-312.pyc","2741","7/27/2026 11:07:18 AM"
"scripts\python\common\objects\__pycache__\generate_master_objects.cpython-312.pyc","3150","7/27/2026 11:07:20 AM"
"scripts\python\common\objects\__pycache__\object_detector.cpython-312.pyc","1869","7/27/2026 11:07:18 AM"
"scripts\python\common\objects\__pycache__\object_registry.cpython-312.pyc","1518","7/27/2026 11:07:18 AM"
"scripts\python\common\objects\__pycache__\object_utils.cpython-312.pyc","2087","7/27/2026 11:07:18 AM"
"scripts\python\common\objects\__pycache__\template_loader.cpython-312.pyc","1569","7/27/2026 11:07:18 AM"
"scripts\python\common\__pycache__\assessment.cpython-312.pyc","11444","7/27/2026 1:45:11 PM"
"scripts\python\common\__pycache__\config_loader.cpython-312.pyc","1878","7/26/2026 11:38:31 PM"
"scripts\python\common\__pycache__\dataset_state.cpython-312.pyc","6044","7/27/2026 11:06:03 AM"
"scripts\python\mongodb\assessment.py","1806","7/23/2026 3:02:43 PM"
"scripts\python\mongodb\load\generate_dataset.py","1439","7/23/2026 3:02:43 PM"
"scripts\python\mongodb\load\load_all.py","848","7/23/2026 3:02:43 PM"
"scripts\python\mongodb\load\load_data.py","875","7/23/2026 3:02:43 PM"
"scripts\python\mongodb\load\load_pipeline.py","750","7/23/2026 3:02:43 PM"
"scripts\python\mongodb\load\validate_data.py","583","7/23/2026 3:02:43 PM"
"scripts\python\mongodb\load\validate_loaded_data.py","606","7/23/2026 3:02:43 PM"
"scripts\python\mongodb\setup\check_instance.py","8836","7/26/2026 11:55:28 AM"
"scripts\python\mongodb\setup\config_loader.py","584","7/23/2026 3:02:43 PM"
"scripts\python\mongodb\setup\create_collections.py","1290","7/23/2026 3:02:43 PM"
"scripts\python\mongodb\setup\create_indexes.py","1017","7/23/2026 3:02:43 PM"
"scripts\python\mongodb\setup\db_connection.py","511","7/23/2026 3:02:43 PM"
"scripts\python\mongodb\setup\test_ownership.py","11699","7/26/2026 11:55:28 AM"
"scripts\python\mongodb\setup\validate_database.py","567","7/23/2026 3:02:43 PM"
"scripts\python\mongodb\setup\validate_instance.py","1054","7/23/2026 3:02:43 PM"
"scripts\python\mongodb\setup\validate_port.py","812","7/23/2026 3:02:43 PM"
"scripts\python\mssql\assessment.py","3040","7/23/2026 3:02:43 PM"
"scripts\python\mssql\load\database_inventory.py","1085","7/23/2026 3:02:43 PM"
"scripts\python\mssql\load\sql_agent.py","2927","7/23/2026 3:02:43 PM"
"scripts\python\mssql\load\table_inventory.py","730","7/23/2026 3:02:43 PM"
"scripts\python\mssql\load\validate_csv.py","835","7/23/2026 3:02:43 PM"
"scripts\python\mssql\load\validate_data.py","2256","7/23/2026 3:02:43 PM"
"scripts\python\mssql\load\validate_loaded_data.py","926","7/23/2026 3:02:43 PM"
"scripts\python\mssql\setup\check_instance.py","6482","7/26/2026 8:14:49 PM"
"scripts\python\mssql\setup\db_connection.py","1483","7/28/2026 2:10:03 PM"
"scripts\python\mssql\setup\download_media.py","1495","7/23/2026 3:02:44 PM"
"scripts\python\mssql\setup\extract_media.py","3178","7/23/2026 3:02:44 PM"
"scripts\python\mssql\setup\generate_liquibase_xml.py","5699","7/26/2026 11:55:28 AM"
"scripts\python\mssql\setup\update_master_xml.py","1700","7/23/2026 3:02:44 PM"
"scripts\python\mssql\setup\validate_database.py","2680","7/23/2026 3:02:44 PM"
"scripts\python\mssql\setup\validate_port.py","1168","7/23/2026 3:02:44 PM"
"scripts\python\mssql\setup\__pycache__\check_instance.cpython-312.pyc","8992","7/26/2026 11:38:31 PM"
"scripts\python\mssql\setup\__pycache__\db_connection.cpython-312.pyc","1714","7/26/2026 11:38:32 PM"
"scripts\python\mysql\assessment.py","3678","7/23/2026 3:02:44 PM"
"scripts\python\mysql\load\load_data.py","353","7/23/2026 3:02:44 PM"
"scripts\python\mysql\load\truncate_tables.py","754","7/26/2026 11:55:45 AM"
"scripts\python\mysql\load\validate_csv.py","2095","7/23/2026 3:02:44 PM"
"scripts\python\mysql\load\validate_data.py","2554","7/26/2026 11:55:45 AM"
"scripts\python\mysql\load\validate_database.py","1998","7/23/2026 3:02:44 PM"
"scripts\python\mysql\load\validate_loaded_data.py","889","7/26/2026 11:55:45 AM"
"scripts\python\mysql\load\__pycache__\truncate_tables.cpython-312.pyc","1478","7/26/2026 9:40:30 AM"
"scripts\python\mysql\load\__pycache__\validate_data.cpython-312.pyc","3543","7/26/2026 9:40:16 AM"
"scripts\python\mysql\load\__pycache__\validate_loaded_data.cpython-312.pyc","1687","7/26/2026 9:40:29 AM"
"scripts\python\mysql\setup\check_instance.py","2907","7/26/2026 7:48:21 PM"
"scripts\python\mysql\setup\check_port.py","0","7/23/2026 3:02:44 PM"
"scripts\python\mysql\setup\db_connection.py","516","7/23/2026 3:02:44 PM"
"scripts\python\mysql\setup\generate_liquibase_xml.py","4578","7/27/2026 11:00:24 AM"
"scripts\python\mysql\setup\test_connection.py","151","7/23/2026 3:02:44 PM"
"scripts\python\mysql\setup\update_master_xml.py","1683","7/23/2026 3:02:44 PM"
"scripts\python\mysql\setup\validate_instance.py","1201","7/23/2026 3:02:44 PM"
"scripts\python\mysql\setup\validate_port.py","824","7/23/2026 3:02:44 PM"
"scripts\python\mysql\setup\__pycache__\db_connection.cpython-312.pyc","1127","7/27/2026 10:58:23 AM"
"scripts\python\postgresql\assessment.py","2885","7/23/2026 3:02:44 PM"
"scripts\python\postgresql\load\load_data.py","368","7/23/2026 3:02:44 PM"
"scripts\python\postgresql\load\validate_data.py","2182","7/23/2026 3:02:44 PM"
"scripts\python\postgresql\load\validate_database.py","2030","7/23/2026 3:02:44 PM"
"scripts\python\postgresql\load\validate_loaded_data.py","1174","7/23/2026 3:02:44 PM"
"scripts\python\postgresql\setup\check_instance.py","2606","7/26/2026 8:07:38 PM"
"scripts\python\postgresql\setup\create_database.py","1584","7/23/2026 3:02:44 PM"
"scripts\python\postgresql\setup\db_connection.py","573","7/23/2026 3:02:44 PM"
"scripts\python\postgresql\setup\generate_liquibase_xml.py","5840","7/23/2026 3:02:44 PM"
"scripts\python\postgresql\setup\update_master_xml.py","1889","7/23/2026 3:02:44 PM"
"scripts\python\postgresql\setup\validate_port.py","993","7/23/2026 3:02:44 PM"
"scripts\python\postgresql\setup\validate_postgresql.py","1392","7/23/2026 3:02:44 PM"
"scripts\python\postgresql\setup\__pycache__\db_connection.cpython-312.pyc","1156","7/27/2026 1:44:40 PM"
"scripts\recommendation\recommendation_engine.py","31506","7/23/2026 3:02:44 PM"
"scripts\recommendation\__init__.py","0","7/23/2026 3:02:44 PM"
"scripts\reconciliation\reconciliation_engine.py","37145","7/23/2026 3:02:44 PM"
"scripts\reconciliation\reconciliation_metrics.py","7125","7/23/2026 3:02:44 PM"
"scripts\reconciliation\__init__.py","0","7/23/2026 3:02:44 PM"
"scripts\reconciliation\__pycache__\reconciliation_metrics.cpython-312.pyc","4589","7/27/2026 1:45:13 PM"
"scripts\reconciliation\__pycache__\__init__.cpython-312.pyc","189","7/27/2026 1:45:13 PM"
"scripts\reporting\generate_history.py","13103","7/23/2026 3:02:44 PM"
"scripts\reporting\generate_report.py","12426","7/23/2026 3:02:44 PM"
"scripts\reporting\migration\executive_report.py","42103","7/23/2026 3:02:44 PM"
"scripts\reporting\migration\report_data_builder.py","23156","7/23/2026 3:02:44 PM"
"scripts\reporting\migration\technical_report.py","64052","7/23/2026 3:02:44 PM"
"scripts\reporting\migration\__init__.py","0","7/23/2026 3:02:44 PM"
"scripts\reporting\migration\__pycache__\report_data_builder.cpython-312.pyc","17115","7/27/2026 1:45:17 PM"
"scripts\reporting\migration\__pycache__\__init__.cpython-312.pyc","194","7/27/2026 1:45:17 PM"
"terraform\mongodb\main.tf","6150","7/23/2026 3:02:44 PM"
"terraform\mongodb\terraform.tfvars","1379","7/23/2026 3:02:44 PM"
"terraform\mongodb\variables.tf","257","7/23/2026 3:02:44 PM"
"terraform\mssql\main.tf","1383","7/23/2026 3:02:44 PM"
"terraform\mysql\.terraform.lock.hcl","1256","7/27/2026 5:30:57 PM"
"terraform\mysql\main.tf","5752","7/26/2026 11:55:45 AM"
"terraform\mysql\terraform.tfstate","1168","7/27/2026 5:33:36 PM"
"terraform\mysql\.terraform\providers\registry.terraform.io\hashicorp\null\3.3.0\windows_amd64\LICENSE.txt","16757","7/27/2026 5:30:54 PM"
"terraform\mysql\.terraform\providers\registry.terraform.io\hashicorp\null\3.3.0\windows_amd64\terraform-provider-null_v3.3.0_x5.exe","18237576","7/27/2026 5:30:54 PM"
"terraform\postgresql\main.tf","1887","7/23/2026 3:02:44 PM"
"tests\test_load_bootstrap_sm.bat","992","7/26/2026 11:55:28 AM"
"tests\test_mssql_check_instance.py","5372","7/26/2026 11:55:28 AM"
"tests\__pycache__\test_cleanup_engine.cpython-312.pyc","17798","7/26/2026 5:45:14 PM"
"tests\__pycache__\test_mssql_check_instance.cpython-312.pyc","5936","7/26/2026 11:38:31 PM"
"tools\.gitkeep","0","7/23/2026 3:02:44 PM"
"tools\drivers\.gitkeep","0","7/23/2026 3:02:44 PM"
"tools\drivers\mysql-connector-j-9.5.0.jar","2602851","7/27/2026 2:28:50 AM"
"tools\drivers\postgresql-42.7.3.jar","1089312","7/27/2026 1:44:00 PM"
"tools\liquibase\.gitkeep","0","7/23/2026 3:02:44 PM"
"tools\liquibase\ABOUT.txt","50","5/14/2026 4:12:44 PM"
"tools\liquibase\changelog.txt","466775","5/14/2026 4:12:44 PM"
"tools\liquibase\GETTING_STARTED.txt","11088","5/14/2026 4:12:44 PM"
"tools\liquibase\LICENSE.txt","3688","5/14/2026 4:12:44 PM"
"tools\liquibase\liquibase","2655","5/13/2026 7:11:34 PM"
"tools\liquibase\liquibase.bat","3247","5/13/2026 7:11:34 PM"
"tools\liquibase\README.txt","3566","5/14/2026 4:12:44 PM"
"tools\liquibase\UNINSTALL.txt","738","5/14/2026 4:12:44 PM"
"tools\liquibase\examples\start-h2","366","5/13/2026 7:11:12 PM"
"tools\liquibase\examples\start-h2.bat","578","5/13/2026 7:11:12 PM"
"tools\liquibase\examples\json\blank-changelog.json","249","5/13/2026 7:11:12 PM"
"tools\liquibase\examples\json\example-changelog.json","3260","5/13/2026 7:11:12 PM"
"tools\liquibase\examples\json\example-changeset-json.txt","667","5/14/2026 4:12:44 PM"
"tools\liquibase\examples\json\liquibase.properties","2770","5/13/2026 7:11:12 PM"
"tools\liquibase\examples\sql\blank-changelog.sql","225","5/13/2026 7:11:12 PM"
"tools\liquibase\examples\sql\example-changelog.sql","832","5/13/2026 7:11:12 PM"
"tools\liquibase\examples\sql\example-changeset-sql.txt","116","5/14/2026 4:12:44 PM"
"tools\liquibase\examples\sql\liquibase.properties","2769","5/13/2026 7:11:12 PM"
"tools\liquibase\examples\xml\blank-changelog.xml","642","5/13/2026 7:11:12 PM"
"tools\liquibase\examples\xml\example-changelog.xml","1927","5/13/2026 7:11:12 PM"
"tools\liquibase\examples\xml\example-changeset-xml.txt","525","5/14/2026 4:12:44 PM"
"tools\liquibase\examples\xml\liquibase.properties","2769","5/13/2026 7:11:12 PM"
"tools\liquibase\examples\yaml\blank-changelog.yaml","364","5/13/2026 7:11:12 PM"
"tools\liquibase\examples\yaml\example-changelog.yaml","2136","5/13/2026 7:11:12 PM"
"tools\liquibase\examples\yaml\example-changeset-yaml.txt","455","5/14/2026 4:12:44 PM"
"tools\liquibase\examples\yaml\liquibase.properties","2771","5/13/2026 7:11:12 PM"
"tools\liquibase\internal\lib\commons-collections4.jar","898652","4/19/2025 1:59:50 PM"
"tools\liquibase\internal\lib\commons-io.jar","609182","4/19/2026 12:01:26 PM"
"tools\liquibase\internal\lib\commons-lang3.jar","713862","11/12/2025 8:08:08 PM"
"tools\liquibase\internal\lib\commons-text.jar","264873","12/4/2025 3:57:26 PM"
"tools\liquibase\internal\lib\h2.jar","2685418","9/24/2025 4:31:56 PM"
"tools\liquibase\internal\lib\liquibase-core.jar","3127117","5/14/2026 4:12:44 PM"
"tools\liquibase\internal\lib\opencsv.jar","242337","7/27/2025 12:46:58 AM"
"tools\liquibase\internal\lib\picocli.jar","417640","4/19/2025 12:37:36 AM"
"tools\liquibase\internal\lib\snakeyaml.jar","340068","2/26/2026 8:36:12 PM"
"tools\liquibase\lib\liquibase_autocomplete.sh","3690","5/13/2026 7:11:34 PM"
"tools\liquibase\lib\liquibase_autocomplete.zsh","2387","5/13/2026 7:11:34 PM"
"tools\liquibase\lib\liquibase_autocomplete_mac.bash","2846","5/13/2026 7:11:34 PM"
"tools\liquibase\lib\README.txt","430","5/14/2026 4:12:44 PM"
"tools\liquibase\licenses\oss\apache-2.0.txt","9115","5/14/2026 4:12:44 PM"
"tools\liquibase\licenses\oss\epl-2.0.txt","14026","5/14/2026 4:12:44 PM"
"tools\liquibase\licenses\oss\FSL-1.1-ALv2.txt","3688","5/14/2026 4:12:44 PM"
"tools\liquibase\licenses\oss\gpl-2.0-classpath-exception.txt","19263","5/14/2026 4:12:44 PM"
"tools\liquibase\licenses\oss\README.txt","3546","5/14/2026 4:12:44 PM"
"tools\liquibase\licenses\oss\usage-data.txt","666","5/14/2026 4:12:44 PM"
"tools\terraform\.gitkeep","0","7/23/2026 3:02:44 PM"
"tools\terraform\LICENSE.txt","4922","8/20/2025 2:39:22 PM"
"tools\terraform\terraform.exe","102691720","8/20/2025 2:39:34 PM"
